"Symbol","Description","Fund Type","Average Volume (10 Day)","Morningstar Category","Fund Category","Optionable ETFs"
"AAAU","Goldman Sachs Physical Gold ETF","ETF","2836129","Commodities Focused","Commodities","1"
"AAXJ","iShares MSCI All Country Asia ex Japan ETF","ETF","1018300.7","Pacific/Asia ex-Japan Stk","International Equity","1"
"ABFL","Abacus FCF Leaders ETF","ETF","73216.9","Large Blend","US Equity","1"
"ACES","ALPS Clean Energy ETF","ETF","60877.8","Miscellaneous Sector","Sector Equity","1"
"ACIO","Aptus Collared Investment Opportunity ETF","ETF","154721.5","Equity Hedged","Nontraditional Equity","1"
"ACWI","iShares MSCI ACWI ETF","ETF","7083532.8","Global Large-Stock Blend","International Equity","1"
"ACWV","iShares MSCI Global Min Vol Factor ETF","ETF","181415.3","Global Large-Stock Blend","International Equity","1"
"ACWX","iShares MSCI ACWI ex U.S. ETF","ETF","2323934.1","Foreign Large Blend","International Equity","1"
"AFK","VanEck Africa Index ETF","ETF","56318.7","Miscellaneous Region","International Equity","1"
"AGG","iShares Core U.S. Aggregate Bond ETF","ETF","7745715.7","Intermediate Core Bond","Taxable Bond","1"
"AGGY","WisdomTree Yield Enhanced U.S. Aggregate Bond Fund","ETF","61714.5","Intermediate Core Bond","Taxable Bond","1"
"AGIX","KraneShares Artificial Intelligence and Technology ETF","ETF","98627.4","Technology","Sector Equity","1"
"AIA","iShares Asia 50 ETF","ETF","626903.2","Pacific/Asia ex-Japan Stk","International Equity","1"
"AIPI","REX AI Equity Premium Income ETF","ETF","137288.1","Derivative Income","Nontraditional Equity","1"
"AIQ","Global X Artificial Intelligence & Technology ETF","ETF","1725212.9","Technology","Sector Equity","1"
"AIRR","First Trust RBA American Industrial RenaissanceTM ETF","ETF","702887.4","Industrials","Sector Equity","1"
"AIS","VistaShares Artificial Intelligence Supercycle ETF","ETF","137108.1","Technology","Sector Equity","1"
"AMDY","YieldMax AMD Option Income Strategy ETF","ETF","101831.2","Derivative Income","Nontraditional Equity","1"
"AMLP","Alerian MLP ETF","ETF","1582551.4","Energy Limited Partnership","Sector Equity","1"
"AMZY","YieldMax AMZN Option Income Strategy ETF","ETF","412348.6","Derivative Income","Nontraditional Equity","1"
"ANGL","VanEck Fallen Angel High Yield Bond ETF","ETF","664090","High Yield Bond","Taxable Bond","1"
"AOA","iShares Core 80/20 Aggressive Allocation ETF","ETF","112839.1","Global Aggressive Allocation","Allocation","1"
"AOM","iShares Core 40/60 Moderate Allocation ETF","ETF","132472.8","Global Moderately Conservative Allocation","Allocation","1"
"AOR","iShares Core 60/40 Balanced Allocation ETF","ETF","363670.2","Global Moderate Allocation","Allocation","1"
"APLY","YieldMax AAPL Option Income Strategy ETF","ETF","183699","Derivative Income","Nontraditional Equity","1"
"AQWA","Global X Clean Water ETF","ETF","50966.5","Natural Resources","Sector Equity","1"
"ARGT","Global X MSCI Argentina ETF","ETF","151285.1","Miscellaneous Region","International Equity","1"
"ARKB","ARK 21Shares Bitcoin ETF","ETF","5645010.9","Digital Assets","Alternative","1"
"ARKF","ARK Blockchain & Fintech Innovation ETF","ETF","370352.5","Technology","Sector Equity","1"
"ARKG","ARK Genomic Revolution ETF","ETF","2602896.7","Health","Sector Equity","1"
"ARKK","ARK Innovation ETF","ETF","10670942.2","Mid-Cap Growth","US Equity","1"
"ARKQ","ARK Autonomous Technology & Robotics ETF","ETF","182050.2","Mid-Cap Growth","US Equity","1"
"ARKW","ARK Next Generation Internet ETF","ETF","155607.6","Mid-Cap Growth","US Equity","1"
"ARKX","ARK Space & Defense Innovation ETF","ETF","681188.2","Mid-Cap Growth","US Equity","1"
"ARTY","iShares Future AI & Tech ETF","ETF","428638.6","Technology","Sector Equity","1"
"ASHR","Xtrackers Harvest CSI 300 China A-Shares ETF","ETF","7724730.2","China Region","International Equity","1"
"AVDE","Avantis International Equity ETF","ETF","1319060.7","Foreign Large Blend","International Equity","1"
"AVDV","Avantis International Small Cap Value ETF","ETF","771959","Foreign Small/Mid Value","International Equity","1"
"AVEM","Avantis Emerging Markets Equity ETF","ETF","2785218.9","Diversified Emerging Mkts","International Equity","1"
"AVLV","Avantis US Large Cap Value ETF","ETF","679840.6","Large Value","US Equity","1"
"AVNM","Avantis All International Markets Equity ETF","ETF","55608.3","Foreign Large Blend","International Equity","1"
"AVRE","Avantis Real Estate ETF","ETF","91301.1","Global Real Estate","Sector Equity","1"
"AVSC","Avantis US Small Cap Equity ETF","ETF","105635.8","Small Value","US Equity","1"
"AVUS","Avantis US Equity ETF","ETF","342497.3","Large Blend","US Equity","1"
"AVUV","Avantis US Small Cap Value ETF","ETF","1098524.4","Small Value","US Equity","1"
"BAB","Invesco Taxable Municipal Bond ETF","ETF","197380.4","Muni National Long","Municipal Bond","1"
"BAI","iShares A.I. Innovation and Tech Active ETF","ETF","1476151.2","Technology","Sector Equity","1"
"BALI","iShares U.S. Large Cap Premium Income Active ETF","ETF","255635.3","Derivative Income","Nontraditional Equity","1"
"BALT","Innovator Defined Wealth Shield ETF","ETF","368801.8","Defined Outcome","Nontraditional Equity","1"
"BBAX","JPMorgan BetaBuilders Developed Asia Pacific ex-Japan ETF","ETF","268231.6","Pacific/Asia ex-Japan Stk","International Equity","1"
"BBCA","JPMorgan BetaBuilders Canada ETF","ETF","238319.3","Miscellaneous Region","International Equity","1"
"BBEU","JPMorgan BetaBuilders Europe ETF","ETF","362290.1","Europe Stock","International Equity","1"
"BBIN","JPMorgan BetaBuilders International Equity ETF","ETF","96183.2","Foreign Large Blend","International Equity","1"
"BBJP","JPMorgan BetaBuilders Japan ETF","ETF","1218039.9","Japan Stock","International Equity","1"
"BBUS","JPMorgan BetaBuilders U.S. Equity ETF","ETF","295164","Large Blend","US Equity","1"
"BCD","abrdn Bloomberg All Commodity Longer Dated Strategy K-1 Free ETF","ETF","76229.5","Commodities Broad Basket","Commodities","1"
"BCI","abrdn Bloomberg All Commodity Strategy K-1 Free ETF","ETF","1292130.5","Commodities Broad Basket","Commodities","1"
"BDRY","Breakwave Dry Bulk Shipping ETF","ETF","72459.4","Miscellaneous Sector","Sector Equity","1"
"BIBL","Inspire 100 ETF","ETF","56359.8","Large Blend","US Equity","1"
"BIL","State Street® SPDR® Bloomberg 1-3 Month T-Bill ETF","ETF","6805391.2","Ultrashort Bond","Taxable Bond","1"
"BILS","State Street® SPDR® Bloomberg 3-12 Month T-Bill ETF","ETF","488417.7","Ultrashort Bond","Taxable Bond","1"
"BITB","Bitwise Bitcoin ETF","ETF","3306176.7","Digital Assets","Alternative","1"
"BITO","ProShares Bitcoin ETF","ETF","74332572.9","Digital Assets","Alternative","1"
"BITQ","Bitwise Crypto Industry Innovators ETF","ETF","169583.1","Equity Digital Assets","Alternative","1"
"BIV","Vanguard Intermediate-Term Bond Index Fund ETF Shares","ETF","1919376.8","Intermediate Core Bond","Taxable Bond","1"
"BIZD","VanEck BDC Income ETF","ETF","3943952.3","Financial","Sector Equity","1"
"BKCH","Global X Blockchain ETF","ETF","59958.7","Equity Digital Assets","Alternative","1"
"BKLC","BNY Mellon US Large Cap Core Equity ETF","ETF","163018","Large Blend","US Equity","1"
"BKLN","Invesco Senior Loan ETF","ETF","28207983.8","Bank Loan","Taxable Bond","1"
"BLOK","Amplify Blockchain Technology ETF","ETF","400341.9","Equity Digital Assets","Alternative","1"
"BLV","Vanguard Long-Term Bond Index Fund ETF Shares","ETF","679613.1","Long-Term Bond","Taxable Bond","1"
"BND","Vanguard Total Bond Market Index Fund ETF Shares","ETF","8324505.3","Intermediate Core Bond","Taxable Bond","1"
"BNDW","Vanguard Total World Bond ETF","ETF","129352.3","Global Bond-USD Hedged","Taxable Bond","1"
"BNDX","Vanguard Total International Bond Index Fund ETF Shares","ETF","4858814.4","Global Bond-USD Hedged","Taxable Bond","1"
"BNO","United States Brent Oil Fund, LP","ETF","1153682","Commodities Focused","Commodities","1"
"BOND","PIMCO Active Bond Exchange-Traded Fund","ETF","510084","Intermediate Core-Plus Bond","Taxable Bond","1"
"BOTZ","Global X Robotics & Artificial Intelligence ETF","ETF","848292.6","Miscellaneous Sector","Sector Equity","1"
"BSOL","Bitwise Solana Staking ETF","ETF","1956387.8","Digital Assets","Alternative","1"
"BSV","Vanguard Short-Term Bond Index Fund ETF Shares","ETF","2374262.6","Short-Term Bond","Taxable Bond","1"
"BSVO","EA Bridgeway Omni Small-Cap Value ETF","ETF","170578.6","Small Value","US Equity","1"
"BTAL","AGF U.S. Market Neutral Anti-Beta Fund","ETF","939600.7","Equity Market Neutral","Alternative","1"
"BTC","Grayscale Bitcoin Mini Trust ETF","ETF","5408611.7","Digital Assets","Alternative","1"
"BTCI","NEOS Bitcoin High Income ETF","ETF","552546.6","Digital Assets","Alternative","1"
"BTCO","Invesco Galaxy Bitcoin ETF","ETF","130332.1","Digital Assets","Alternative","1"
"BTGD","STKd 100% Bitcoin & 100% Gold ETF","ETF","65194.2","Digital Assets","Alternative","1"
"BUCK","Simplify Treasury Option Income ETF","ETF","183812","Ultrashort Bond","Taxable Bond","1"
"BUG","Global X Cybersecurity ETF","ETF","1697383.4","Technology","Sector Equity","1"
"BUZZ","VanEck Social Sentiment ETF","ETF","192225","Large Growth","US Equity","1"
"BWET","Breakwave Tanker Shipping ETF","ETF","57722.6","Commodities Focused","Commodities","1"
"BWX","SPDR® Bloomberg International Treasury Bond ETF","ETF","396161.9","Global Bond","Taxable Bond","1"
"CAIE","Calamos US Eq Autocallable Income ETF","ETF","452841.8","Derivative Income","Nontraditional Equity","1"
"CALF","Pacer US Small Cap Cash Cows 100 ETF","ETF","721501.3","Small Value","US Equity","1"
"CANE","Teucrium Sugar Fund","ETF","129141","Commodities Focused","Commodities","1"
"CATH","Global X S&P 500® Catholic Values ETF","ETF","50007.7","Large Blend","US Equity","1"
"CERY","SPDR Bloomberg Enhanced Roll Yield Commodity Strategy No K-1 ETF","ETF","78363.4","Commodities Broad Basket","Commodities","1"
"CGDV","Capital Group Dividend Value ETF","ETF","5401095.8","Large Value","US Equity","1"
"CGGR","Capital Group Growth ETF","ETF","3735588.3","Large Growth","US Equity","1"
"CGUS","Capital Group Core Equity ETF","ETF","1155592.2","Large Blend","US Equity","1"
"CHAT","Roundhill Generative AI & Technology ETF","ETF","274177.5","Technology","Sector Equity","1"
"CIBR","First Trust NASDAQ Cybersecurity ETF","ETF","2061555.4","Technology","Sector Equity","1"
"CLOU","Global X Cloud Computing ETF","ETF","229809.3","Technology","Sector Equity","1"
"CMDY","iShares Bloomberg Roll Select Commodity Strategy ETF","ETF","63394.3","Commodities Broad Basket","Commodities","1"
"CNXT","VanEck ChiNext ETF","ETF","61562","China Region","International Equity","1"
"COLO","Global X MSCI Colombia ETF","ETF","117261.5","Miscellaneous Region","International Equity","1"
"COM","Direxion Auspice Broad Commodity Strategy ETF","ETF","60832.2","Commodities Broad Basket","Commodities","1"
"COMT","iShares GSCI Commodity Dynamic Roll Strategy ETF","ETF","159223.2","Commodities Broad Basket","Commodities","1"
"CONY","YieldMax COIN Option Income Strategy ETF","ETF","421502.1","Derivative Income","Nontraditional Equity","1"
"COPJ","Sprott Junior Copper Miners ETF","ETF","183689.2","Natural Resources","Sector Equity","1"
"COPP","Sprott Copper Miners ETF","ETF","267685","Natural Resources","Sector Equity","1"
"COPX","Global X Copper Miners ETF","ETF","4703888.3","Natural Resources","Sector Equity","1"
"CORN","Teucrium Corn Fund","ETF","69685.5","Commodities Focused","Commodities","1"
"COWG","Pacer US Large Cap Cash Cows Growth Leaders ETF","ETF","670617.3","Mid-Cap Growth","US Equity","1"
"COWZ","Pacer US Cash Cows 100 ETF","ETF","1655402.4","Mid-Cap Value","US Equity","1"
"COYY","GraniteShares YieldBOOST COIN ETF","ETF","315105.7","Derivative Income","Nontraditional Equity","1"
"CPER","United States Copper Index Fund, LP","ETF","1009620","Commodities Focused","Commodities","1"
"CQQQ","Invesco China Technology ETF","ETF","878439.9","China Region","International Equity","1"
"CRPT","First Trust SkyBridge Crypto Industry and Digital Economy ETF","ETF","76663","Equity Digital Assets","Alternative","1"
"CTA","Simplify Managed Futures Strategy ETF","ETF","315618.5","Systematic Trend","Alternative","1"
"CWB","State Street® SPDR® Bloomberg Convertible Securities ETF","ETF","674157.7","Convertibles","Allocation","1"
"CWI","State Street® SPDR® MSCI ACWI ex-US ETF","ETF","251892.9","Foreign Large Blend","International Equity","1"
"DAPP","VanEck Digital Transformation ETF","ETF","355452.5","Equity Digital Assets","Alternative","1"
"DBA","Invesco DB Agriculture Fund","ETF","309311.6","Commodities Focused","Commodities","1"
"DBB","Invesco DB Base Metals Fund","ETF","250650","Commodities Focused","Commodities","1"
"DBC","Invesco DB Commodity Index Tracking Fund","ETF","677010.1","Commodities Broad Basket","Commodities","1"
"DBEF","Xtrackers MSCI EAFE Hedged Equity ETF","ETF","636931.4","Foreign Large Blend","International Equity","1"
"DBMF","iMGP DBi Managed Futures Strategy ETF","ETF","2665789.8","Systematic Trend","Alternative","1"
"DBO","Invesco DB Oil Fund","ETF","621743.3","Commodities Focused","Commodities","1"
"DCOR","Dimensional US Core Equity 1 ETF","ETF","105855.7","Large Blend","US Equity","1"
"DDWM","WisdomTree Dynamic International Equity ETF","ETF","159986.1","Foreign Large Value","International Equity","1"
"DEM","WisdomTree Emerging Markets High Dividend Fund","ETF","318690.8","Diversified Emerging Mkts","International Equity","1"
"DES","WisdomTree U.S. SmallCap Dividend Fund","ETF","96610.1","Small Value","US Equity","1"
"DFAC","Dimensional U.S. Core Equity 2 ETF","ETF","3261605.4","Large Blend","US Equity","1"
"DFAR","Dimensional US Real Estate ETF","ETF","1721550.7","Real Estate","Sector Equity","1"
"DFAS","Dimensional U.S. Small Cap ETF","ETF","593508.8","Small Blend","US Equity","1"
"DFAT","Dimensional U.S. Targeted Value ETF","ETF","388146.9","Small Value","US Equity","1"
"DFAU","Dimensional US Core Equity Market ETF","ETF","817201.8","Large Blend","US Equity","1"
"DFAW","Dimensional World Equity ETF","ETF","71026.3","Global Large-Stock Blend","International Equity","1"
"DFAX","Dimensional World ex U.S. Core Equity 2 ETF","ETF","806409","Foreign Large Blend","International Equity","1"
"DFGR","Dimensional Global Real Estate ETF","ETF","394240","Global Real Estate","Sector Equity","1"
"DFIC","Dimensional International Core Equity 2 ETF","ETF","1006211.6","Foreign Large Blend","International Equity","1"
"DFIP","Dimensional Inflation-Protected Securities ETF","ETF","171032.4","Inflation-Protected Bond","Taxable Bond","1"
"DFIS","Dimensional International Small Cap ETF","ETF","429333.2","Foreign Small/Mid Blend","International Equity","1"
"DFIV","Dimensional International Value ETF","ETF","1551486.9","Foreign Large Value","International Equity","1"
"DFLV","Dimensional US Large Cap Value ETF","ETF","1012586.7","Large Value","US Equity","1"
"DFNL","Davis Select Financial ETF","ETF","55241.5","Financial","Sector Equity","1"
"DFSU","Dimensional US Sustainability Core 1 ETF","ETF","88013","Large Blend","US Equity","1"
"DFSV","Dimensional US Small Cap Value ETF","ETF","1353034","Small Value","US Equity","1"
"DFUS","Dimensional U.S. Equity Market ETF","ETF","776051.7","Large Blend","US Equity","1"
"DFUV","Dimensional US Marketwide Value ETF","ETF","404558.4","Large Value","US Equity","1"
"DGRO","iShares Core Dividend Growth ETF","ETF","1815384.5","Large Value","US Equity","1"
"DGRW","WisdomTree U.S. Quality Dividend Growth Fund","ETF","777442.9","Large Blend","US Equity","1"
"DGS","WisdomTree Emerging Markets SmallCap Dividend Fund","ETF","91044.1","Diversified Emerging Mkts","International Equity","1"
"DIA","State Street® SPDR® Dow Jones Industrial Average® ETF Trust","ETF","6327847.4","Large Value","US Equity","1"
"DIHP","Dimensional International High Profitability ETF","ETF","616537.7","Foreign Large Blend","International Equity","1"
"DISV","Dimensional International Small Cap Value ETF","ETF","443253","Foreign Small/Mid Value","International Equity","1"
"DIV","Global X SuperDividend™ U.S. ETF","ETF","258818.7","Small Value","US Equity","1"
"DIVB","iShares Core Dividend ETF","ETF","112019.8","Large Value","US Equity","1"
"DIVI","Franklin International Core Dividend Tilt Index ETF","ETF","232917.2","Foreign Large Value","International Equity","1"
"DIVO","Amplify CWP Enhanced Dividend Income ETF","ETF","857428.9","Derivative Income","Nontraditional Equity","1"
"DJD","Invesco Dow Jones Industrial Average Dividend ETF","ETF","60786.3","Large Value","US Equity","1"
"DJIA","Global X Dow 30 Covered Call ETF","ETF","90036.5","Derivative Income","Nontraditional Equity","1"
"DLN","WisdomTree U.S. LargeCap Dividend Fund","ETF","153669.6","Large Value","US Equity","1"
"DON","WisdomTree U.S. MidCap Dividend Fund","ETF","138908.3","Mid-Cap Value","US Equity","1"
"DRIV","Global X Autonomous & Electric Vehicles ETF","ETF","53395","Miscellaneous Sector","Sector Equity","1"
"DRNZ","REX Drone ETF","ETF","122060","Industrials","Sector Equity","1"
"DRSK","Aptus Defined Risk ETF","ETF","139764.6","Intermediate Core-Plus Bond","Taxable Bond","1"
"DSI","iShares ESG MSCI KLD 400 ETF","ETF","181777.9","Large Blend","US Equity","1"
"DTCR","Global X Data Center & Digital Infrastructure ETF","ETF","933524.4","Real Estate","Sector Equity","1"
"DTH","WisdomTree International High Dividend Fund","ETF","51073.4","Foreign Large Value","International Equity","1"
"DUHP","Dimensional US High Profitability ETF","ETF","1324114.2","Large Blend","US Equity","1"
"DVY","iShares Select Dividend ETF","ETF","416217.3","Mid-Cap Value","US Equity","1"
"DVYE","iShares Emerging Markets Dividend ETF","ETF","305115.2","Diversified Emerging Mkts","International Equity","1"
"DXJ","WisdomTree Japan Hedged Equity Fund","ETF","683452.7","Japan Stock","International Equity","1"
"DYNF","iShares U.S. Equity Factor Rotation Active ETF","ETF","4240846","Large Blend","US Equity","1"
"EAGG","iShares ESG U.S. Aggregate Bond ETF","ETF","298184.2","Intermediate Core Bond","Taxable Bond","1"
"EBND","SPDR® Bloomberg Emerging Markets Local Bond ETF","ETF","464516.1","Emerging-Markets Local-Currency Bond","Taxable Bond","1"
"ECH","iShares MSCI Chile ETF","ETF","1145668.2","Miscellaneous Region","International Equity","1"
"ECOW","Pacer Emerging Markets Cash Cows 100 ETF","ETF","58033","Diversified Emerging Mkts","International Equity","1"
"EDIV","State Street® SPDR® S&P Emerging Markets Dividend ETF","ETF","211124.7","Diversified Emerging Mkts","International Equity","1"
"EDV","Vanguard Extended Duration Treasury Index Fund ETF Shares","ETF","1033630.7","Long Government","Taxable Bond","1"
"EEM","iShares MSCI Emerging Markets ETF","ETF","41206227.4","Diversified Emerging Mkts","International Equity","1"
"EEMV","iShares MSCI Emerging Markets Min Vol Factor ETF","ETF","263364.6","Diversified Emerging Mkts","International Equity","1"
"EETH","ProShares Ether ETF","ETF","127982.5","Digital Assets","Alternative","1"
"EFA","iShares MSCI EAFE ETF","ETF","19630204.7","Foreign Large Blend","International Equity","1"
"EFAV","iShares MSCI EAFE Min Vol Factor ETF","ETF","452843.8","Foreign Large Blend","International Equity","1"
"EFG","iShares MSCI EAFE Growth ETF","ETF","752819.1","Foreign Large Growth","International Equity","1"
"EFV","iShares MSCI EAFE Value ETF","ETF","2552146.7","Foreign Large Value","International Equity","1"
"EIDO","iShares MSCI Indonesia ETF","ETF","661196.6","Miscellaneous Region","International Equity","1"
"EIPI","FT Energy Income Partners Enhanced Income ETF","ETF","99469.1","Derivative Income","Nontraditional Equity","1"
"EMB","iShares J.P. Morgan USD Emerging Markets Bond ETF","ETF","6695331.2","Emerging Markets Bond","Taxable Bond","1"
"EMGF","iShares Emerging Markets Equity Factor ETF","ETF","90340.2","Diversified Emerging Mkts","International Equity","1"
"EMLC","VanEck J.P. Morgan EM Local Currency Bond ETF","ETF","4489322.8","Emerging-Markets Local-Currency Bond","Taxable Bond","1"
"EMLP","First Trust North American Energy Infrastructure Fund","ETF","240706.2","Energy Limited Partnership","Sector Equity","1"
"EMQQ","EMQQ The Emerging Markets Internet ETF","ETF","57121","Diversified Emerging Mkts","International Equity","1"
"EMXC","iShares MSCI Emerging Markets ex China ETF","ETF","3361561.2","Diversified Emerging Mkts","International Equity","1"
"ENFR","Alerian Energy Infrastructure ETF","ETF","73821.8","Energy Limited Partnership","Sector Equity","1"
"ENZL","iShares MSCI New Zealand ETF","ETF","112459.6","Miscellaneous Region","International Equity","1"
"EPI","WisdomTree India Earnings Fund","ETF","675579.9","India Equity","International Equity","1"
"EPOL","iShares MSCI Poland ETF","ETF","484752.5","Miscellaneous Region","International Equity","1"
"EPP","iShares MSCI Pacific ex Japan ETF","ETF","385474.9","Pacific/Asia ex-Japan Stk","International Equity","1"
"EQAL","Invesco Russell 1000 Equal Weight ETF","ETF","89663.8","Mid-Cap Blend","US Equity","1"
"EQL","ALPS Equal Sector Weight ETF","ETF","128296.8","Large Value","US Equity","1"
"EQWL","Invesco S&P 100 Equal Weight ETF","ETF","151981.1","Large Value","US Equity","1"
"ESGE","iShares ESG Aware MSCI EM ETF","ETF","1050889.9","Diversified Emerging Mkts","International Equity","1"
"ESGU","iShares ESG Aware MSCI USA ETF","ETF","497597.8","Large Blend","US Equity","1"
"ESGV","Vanguard ESG U.S. Stock ETF","ETF","215394.1","Large Blend","US Equity","1"
"ESML","iShares ESG Aware MSCI USA Small-Cap ETF","ETF","159954.8","Small Blend","US Equity","1"
"ETH","Grayscale Ethereum Mini Staking ETF","ETF","8263512.6","Digital Assets","Alternative","1"
"ETHA","iShares Ethereum Trust ETF","ETF","33699089.9","Digital Assets","Alternative","1"
"ETHE","Grayscale Ethereum Staking ETF","ETF","5156654.3","Digital Assets","Alternative","1"
"ETHV","VanEck Ethereum ETF","ETF","187677.2","Digital Assets","Alternative","1"
"ETHW","Bitwise Ethereum ETF","ETF","1537804.8","Digital Assets","Alternative","1"
"EUAD","Select STOXX Europe Aerospace & Defense ETF","ETF","552143.7","Industrials","Sector Equity","1"
"EUFN","iShares MSCI Europe Financials ETF","ETF","2775279.7","Europe Stock","International Equity","1"
"EWA","iShares MSCI Australia ETF","ETF","5745290.1","Miscellaneous Region","International Equity","1"
"EWC","iShares MSCI Canada ETF","ETF","2291058.2","Miscellaneous Region","International Equity","1"
"EWD","iShares MSCI Sweden ETF","ETF","110382.3","Miscellaneous Region","International Equity","1"
"EWG","iShares MSCI Germany ETF","ETF","1079778.9","Miscellaneous Region","International Equity","1"
"EWH","iShares MSCI Hong Kong ETF","ETF","5160357.1","China Region","International Equity","1"
"EWI","iShares MSCI Italy ETF","ETF","331441.7","Miscellaneous Region","International Equity","1"
"EWJ","iShares MSCI Japan ETF","ETF","10911108.5","Japan Stock","International Equity","1"
"EWL","iShares MSCI Switzerland ETF","ETF","435368","Miscellaneous Region","International Equity","1"
"EWM","iShares MSCI Malaysia ETF","ETF","355174.1","Miscellaneous Region","International Equity","1"
"EWN","iShares MSCI Netherlands ETF","ETF","76523.5","Miscellaneous Region","International Equity","1"
"EWP","iShares MSCI Spain ETF","ETF","467890.4","Miscellaneous Region","International Equity","1"
"EWQ","iShares MSCI France ETF","ETF","310393.1","Miscellaneous Region","International Equity","1"
"EWS","iShares MSCI Singapore ETF","ETF","662096.7","Miscellaneous Region","International Equity","1"
"EWT","iShares MSCI Taiwan ETF","ETF","5283271.1","China Region","International Equity","1"
"EWU","iShares MSCI United Kingdom ETF","ETF","1997713.1","Miscellaneous Region","International Equity","1"
"EWW","iShares MSCI Mexico ETF","ETF","2088045.2","Miscellaneous Region","International Equity","1"
"EWY","iShares MSCI South Korea ETF","ETF","16004882.1","Miscellaneous Region","International Equity","1"
"EWZ","iShares MSCI Brazil ETF","ETF","40199279.9","Latin America Stock","International Equity","1"
"EWZS","iShares MSCI Brazil Small-Cap ETF","ETF","1400531.8","Latin America Stock","International Equity","1"
"EXI","iShares Global Industrials ETF","ETF","69443.1","Industrials","Sector Equity","1"
"EZA","iShares MSCI South Africa ETF","ETF","382035.7","Miscellaneous Region","International Equity","1"
"EZBC","Franklin Bitcoin ETF","ETF","200722.7","Digital Assets","Alternative","1"
"EZET","Franklin Ethereum ETF","ETF","72246","Digital Assets","Alternative","1"
"EZU","iShares MSCI Eurozone ETF","ETF","1451639.2","Europe Stock","International Equity","1"
"FALN","iShares Fallen Angels USD Bond ETF","ETF","597200.6","High Yield Bond","Taxable Bond","1"
"FAN","First Trust Global Wind Energy ETF","ETF","63887.7","Miscellaneous Sector","Sector Equity","1"
"FBND","Fidelity Total Bond ETF","ETF","2756580.7","Intermediate Core-Plus Bond","Taxable Bond","1"
"FBT","First Trust NYSE Arca Biotechnology Index Fund","ETF","78720.3","Health","Sector Equity","1"
"FBTC","Fidelity Wise Origin Bitcoin Fund","ETF","6416021.7","Digital Assets","Alternative","1"
"FBY","YieldMax META Option Income Strategy ETF","ETF","163227.2","Derivative Income","Nontraditional Equity","1"
"FCA","First Trust China AlphaDEX® Fund","ETF","132804.5","China Region","International Equity","1"
"FCG","First Trust Natural Gas ETF","ETF","791460.9","Equity Energy","Sector Equity","1"
"FCOM","Fidelity MSCI Communication Services Index ETF","ETF","115753.5","Communications","Sector Equity","1"
"FDEM","Fidelity Emerging Markets Multifactor ETF","ETF","146282.6","Diversified Emerging Mkts","International Equity","1"
"FDIS","Fidelity MSCI Consumer Discretionary Index ETF","ETF","115606.4","Consumer Cyclical","Sector Equity","1"
"FDL","First Trust Morningstar Dividend Leaders Index Fund","ETF","987269.3","Large Value","US Equity","1"
"FDLO","Fidelity Low Volatility Factor ETF","ETF","59102.2","Large Blend","US Equity","1"
"FDN","First Trust Dow Jones Internet Index Fund","ETF","757186.5","Technology","Sector Equity","1"
"FDT","First Trust Developed Markets Ex-US AlphaDEX® Fund","ETF","174429.8","Foreign Large Value","International Equity","1"
"FDV","Federated Hermes U.S. Strategic Dividend ETF","ETF","107032.5","Large Value","US Equity","1"
"FDVV","Fidelity High Dividend ETF","ETF","1034916","Large Value","US Equity","1"
"FELC","Fidelity Enhanced Large Cap Core ETF","ETF","1168300.2","Large Blend","US Equity","1"
"FELG","Fidelity Enhanced Large Cap Growth ETF","ETF","634899.1","Large Growth","US Equity","1"
"FELV","Fidelity Enhanced Large Cap Value ETF","ETF","342804.8","Large Value","US Equity","1"
"FEM","First Trust Emerging Markets AlphaDEX® Fund","ETF","217391.6","Diversified Emerging Mkts","International Equity","1"
"FENI","Fidelity Enhanced International ETF","ETF","2344393.7","Foreign Large Blend","International Equity","1"
"FENY","Fidelity MSCI Energy Index ETF","ETF","3466147.7","Equity Energy","Sector Equity","1"
"FEP","First Trust Europe AlphaDEX® Fund","ETF","90257","Europe Stock","International Equity","1"
"FEPI","REX FANG & Innovation Equity Premium Income ETF","ETF","155596.7","Derivative Income","Nontraditional Equity","1"
"FESM","Fidelity Enhanced Small Cap ETF","ETF","617406.7","Small Blend","US Equity","1"
"FETH","Fidelity Ethereum Fund","ETF","5106553.5","Digital Assets","Alternative","1"
"FEZ","State Street® SPDR® EURO STOXX 50® ETF","ETF","1346248.1","Europe Stock","International Equity","1"
"FFTY","Innovator IBD® 50 ETF","ETF","90290.6","Mid-Cap Growth","US Equity","1"
"FGD","First Trust Dow Jones Global Select Dividend Index Fund","ETF","286036.3","Foreign Large Value","International Equity","1"
"FHEQ","Fidelity Hedged Equity ETF","ETF","66577.4","Equity Hedged","Nontraditional Equity","1"
"FHLC","Fidelity MSCI Health Care Index ETF","ETF","156221.5","Health","Sector Equity","1"
"FIDI","Fidelity International High Dividend ETF","ETF","130004.1","Foreign Large Value","International Equity","1"
"FIDU","Fidelity MSCI Industrials Index ETF","ETF","106988.8","Industrials","Sector Equity","1"
"FINX","Global X FinTech ETF","ETF","89670.9","Technology","Sector Equity","1"
"FIVA","Fidelity International Value Factor ETF","ETF","199410.1","Foreign Large Value","International Equity","1"
"FIXD","First Trust Smith Opportunistic Fixed Income ETF","ETF","289179.6","Intermediate Core-Plus Bond","Taxable Bond","1"
"FLBR","Franklin FTSE Brazil ETF","ETF","598715.7","Latin America Stock","International Equity","1"
"FLIN","Franklin FTSE India ETF","ETF","1317314.7","India Equity","International Equity","1"
"FLJP","Franklin FTSE Japan ETF","ETF","926500.7","Japan Stock","International Equity","1"
"FLQL","Franklin U.S. Large Cap Multifactor Index ETF","ETF","50037.9","Large Blend","US Equity","1"
"FLQM","Franklin U.S. Mid Cap Multifactor Index ETF","ETF","132688.5","Mid-Cap Blend","US Equity","1"
"FLRN","State Street® SPDR® Bloomberg Investment Grade Floating Rate ETF","ETF","1001663.1","Ultrashort Bond","Taxable Bond","1"
"FLTR","VanEck IG Floating Rate ETF","ETF","797456.4","Ultrashort Bond","Taxable Bond","1"
"FMDE","Fidelity Enhanced Mid Cap ETF","ETF","758747.4","Mid-Cap Blend","US Equity","1"
"FNCL","Fidelity MSCI Financials Index ETF","ETF","123526.4","Financial","Sector Equity","1"
"FNDA","Schwab Fundamental U.S. Small Company ETF","ETF","648479.4","Small Blend","US Equity","1"
"FNDC","Schwab Fundamental International Small Equity ETF","ETF","144505.4","Foreign Small/Mid Value","International Equity","1"
"FNDE","Schwab Fundamental Emerging Markets Equity ETF","ETF","1386969.4","Diversified Emerging Mkts","International Equity","1"
"FNDF","Schwab Fundamental International Equity ETF","ETF","1799305.3","Foreign Large Value","International Equity","1"
"FNDX","Schwab Fundamental U.S. Large Company ETF","ETF","6899879.9","Large Value","US Equity","1"
"FPE","First Trust Preferred Securities and Income ETF","ETF","1154889.8","Preferred Stock","Taxable Bond","1"
"FRDM","Freedom 100 Emerging Markets ETF","ETF","560863.7","Diversified Emerging Mkts","International Equity","1"
"FREL","Fidelity MSCI Real Estate Index ETF","ETF","222019.5","Real Estate","Sector Equity","1"
"FRNW","Fidelity Clean Energy ETF","ETF","56219.8","Miscellaneous Sector","Sector Equity","1"
"FSMB","First Trust Short Duration Managed Municipal ETF","ETF","201571.1","Muni National Short","Municipal Bond","1"
"FSMD","Fidelity Small-Mid Multifactor ETF","ETF","167484.3","Small Blend","US Equity","1"
"FSOL","Fidelity Solana Fund","ETF","230565.1","Digital Assets","Alternative","1"
"FSTA","Fidelity MSCI Consumer Staples Index ETF","ETF","205439","Consumer Defensive","Sector Equity","1"
"FTCS","First Trust Capital Strength ETF","ETF","363829.7","Large Blend","US Equity","1"
"FTEC","Fidelity MSCI Information Technology Index ETF","ETF","340410.6","Technology","Sector Equity","1"
"FTGC","First Trust Global Tactical Commodity Strategy Fund","ETF","444596","Commodities Broad Basket","Commodities","1"
"FTHI","First Trust BuyWrite Income ETF","ETF","765055.7","Derivative Income","Nontraditional Equity","1"
"FTLS","First Trust Long/Short Equity ETF","ETF","84022.7","Long-Short Equity","Nontraditional Equity","1"
"FTQI","First Trust Nasdaq BuyWrite Income ETF","ETF","471249.3","Derivative Income","Nontraditional Equity","1"
"FTSM","First Trust Enhanced Short Maturity ETF","ETF","1106912.4","Ultrashort Bond","Taxable Bond","1"
"FTXL","First Trust Nasdaq Semiconductor ETF","ETF","109614.9","Technology","Sector Equity","1"
"FTXO","First Trust Nasdaq Bank ETF","ETF","315191.5","Financial","Sector Equity","1"
"FTXR","First Trust Nasdaq Transportation ETF","ETF","213627.8","Industrials","Sector Equity","1"
"FUTY","Fidelity MSCI Utilities Index ETF","ETF","322623.7","Utilities","Sector Equity","1"
"FV","First Trust Dorsey Wright Focus 5 ETF","ETF","125755.6","Mid-Cap Blend","US Equity","1"
"FVAL","Fidelity Value Factor ETF","ETF","52821.3","Large Value","US Equity","1"
"FVD","First Trust Value Line® Dividend Index Fund","ETF","643736.4","Mid-Cap Value","US Equity","1"
"FXC","Invesco CurrencyShares® Canadian Dollar Trust","ETF","99691.4","Single Currency","Taxable Bond","1"
"FXE","Invesco CurrencyShares® Euro Currency Trust","ETF","156679.5","Single Currency","Taxable Bond","1"
"FXF","Invesco CurrencyShares® Swiss Franc Trust","ETF","187618.8","Single Currency","Taxable Bond","1"
"FXI","iShares China Large-Cap ETF","ETF","32010994.7","China Region","International Equity","1"
"FXN","First Trust Energy AlphaDEX® Fund","ETF","683408","Equity Energy","Sector Equity","1"
"FXO","First Trust Financials AlphaDEX® Fund","ETF","280388.3","Financial","Sector Equity","1"
"FXU","First Trust Utilities AlphaDEX® Fund","ETF","557395.3","Utilities","Sector Equity","1"
"FXY","Invesco CurrencyShares® Japanese Yen Trust","ETF","201029","Single Currency","Taxable Bond","1"
"FYC","First Trust Small Cap Growth AlphaDEX® Fund","ETF","87431.9","Small Growth","US Equity","1"
"FYEE","Fidelity Yield Enhanced Equity ETF","ETF","50462.2","Derivative Income","Nontraditional Equity","1"
"FYLD","Cambria Foreign Shareholder Yield ETF","ETF","91875.6","Foreign Small/Mid Value","International Equity","1"
"GBIL","Goldman Sachs Access Treasury 0-1 Year ETF","ETF","658698.6","Ultrashort Bond","Taxable Bond","1"
"GBTC","Grayscale Bitcoin Trust ETF","ETF","3793640.3","Digital Assets","Alternative","1"
"GBUG","Sprott Active Gold & Silver Miners ETF","ETF","96816","Equity Precious Metals","Sector Equity","1"
"GCC","WisdomTree Enhanced Commodity Strategy Fund","ETF","71561.7","Commodities Broad Basket","Commodities","1"
"GCOR","Goldman Sachs Access U.S. Aggregate Bond ETF","ETF","54239.3","Intermediate Core Bond","Taxable Bond","1"
"GDE","WisdomTree Efficient Gold Plus Equity Strategy Fund","ETF","84656.1","Multi-Asset Leveraged","Alternative","1"
"GDOG","Grayscale Dogecoin Trust ETF","ETF","60369.9","Digital Assets","Alternative","1"
"GDX","VanEck Gold Miners ETF","ETF","24244024.6","Equity Precious Metals","Sector Equity","1"
"GDXJ","VanEck Junior Gold Miners ETF","ETF","5190762.4","Equity Precious Metals","Sector Equity","1"
"GDXY","YieldMax Gold Miners Option Income Strategy ETF","ETF","764132.3","Commodities Focused","Commodities","1"
"GEM","Goldman Sachs ActiveBeta® Emerging Markets Equity ETF","ETF","119537.3","Diversified Emerging Mkts","International Equity","1"
"GIGB","Goldman Sachs Access Investment Grade Corporate Bond ETF","ETF","54144.3","Corporate Bond","Taxable Bond","1"
"GII","State Street® SPDR® S&P® Global Infrastructure ETF","ETF","56414.3","Infrastructure","Sector Equity","1"
"GLD","SPDR® Gold Shares","ETF","13253079.8","Commodities Focused","Commodities","1"
"GLIN","VanEck India Growth Leaders ETF","ETF","295824.2","India Equity","International Equity","1"
"GLNK","Grayscale Chainlink Trust ETF","ETF","341294.5","Digital Assets","Alternative","1"
"GNR","State Street® SPDR® S&P® Global Natural Resources ETF","ETF","609926.5","Natural Resources","Sector Equity","1"
"GOLY","Strategy Shares Gold-Hedged Bond ETF","ETF","61990.7","Commodities Broad Basket","Commodities","1"
"GOOY","YieldMax GOOGL Option Income Strategy ETF","ETF","449536.4","Derivative Income","Nontraditional Equity","1"
"GOVT","iShares U.S. Treasury Bond ETF","ETF","6340605.3","Intermediate Government","Taxable Bond","1"
"GOVZ","iShares 25+ Year Treasury STRIPS Bond ETF","ETF","1202273.6","Long Government","Taxable Bond","1"
"GPIQ","Goldman Sachs Nasdaq-100 Premium Income ETF","ETF","854875.4","Derivative Income","Nontraditional Equity","1"
"GPIX","Goldman Sachs S&P 500 Premium Income ETF","ETF","691025.1","Derivative Income","Nontraditional Equity","1"
"GREK","Global X MSCI Greece ETF","ETF","111034.3","Miscellaneous Region","International Equity","1"
"GRID","First Trust NASDAQ® Clean Edge® Smart Grid Infrastructure Index Fund","ETF","586604.6","Infrastructure","Sector Equity","1"
"GRNY","Fundstrat Granny Shots US Large Cap ETF","ETF","2770845.9","Large Growth","US Equity","1"
"GSEW","Goldman Sachs Equal Weight U.S. Large Cap Equity ETF","ETF","175082.9","Large Blend","US Equity","1"
"GSG","iShares S&P GSCI Commodity-Indexed Trust","ETF","437291.5","Commodities Broad Basket","Commodities","1"
"GSIE","Goldman Sachs ActiveBeta® International Equity ETF","ETF","469766.8","Foreign Large Blend","International Equity","1"
"GSLC","Goldman Sachs ActiveBeta® U.S. Large Cap Equity ETF","ETF","280205.7","Large Blend","US Equity","1"
"GSOL","Grayscale Solana Staking ETF","ETF","920306.9","Digital Assets","Alternative","1"
"GSUS","Goldman Sachs MarketBeta US Equity ETF","ETF","120705.5","Large Blend","US Equity","1"
"GSWO","Goldman Sachs ActiveBeta World Equity ETF","ETF","85498.3","Global Large-Stock Blend","International Equity","1"
"GSY","Invesco Ultra Short Duration ETF","ETF","573933.5","Ultrashort Bond","Taxable Bond","1"
"GUNR","FlexShares Morningstar Global Upstream Natural Resources Index Fund","ETF","460237.4","Natural Resources","Sector Equity","1"
"GVI","iShares Intermediate Government/Credit Bond ETF","ETF","291760.9","Short-Term Bond","Taxable Bond","1"
"GXRP","Grayscale XRP Trust ETF","ETF","122210.3","Digital Assets","Alternative","1"
"HACK","Amplify Cybersecurity ETF","ETF","155520.8","Technology","Sector Equity","1"
"HAUZ","Xtrackers International Real Estate ETF","ETF","87026.9","Global Real Estate","Sector Equity","1"
"HDEF","Xtrackers MSCI EAFE High Dividend Yield Equity ETF","ETF","204968.6","Foreign Large Value","International Equity","1"
"HDV","iShares Core High Dividend ETF","ETF","522086.5","Large Value","US Equity","1"
"HEDJ","WisdomTree Europe Hedged Equity Fund","ETF","71526.7","Europe Stock","International Equity","1"
"HEFA","iShares Currency Hedged MSCI EAFE ETF","ETF","706660","Foreign Large Blend","International Equity","1"
"HEGD","Swan Hedged Equity US Large Cap ETF","ETF","107430.8","Equity Hedged","Nontraditional Equity","1"
"HEQT","Simplify Hedged Equity ETF","ETF","88061.7","Equity Hedged","Nontraditional Equity","1"
"HEWJ","iShares Currency Hedged MSCI Japan ETF","ETF","343110.6","Japan Stock","International Equity","1"
"HEZU","iShares Currency Hedged MSCI Eurozone ETF","ETF","52719.7","Europe Stock","International Equity","1"
"HGER","Harbor Commodity All-Weather Strategy ETF","ETF","520499.7","Commodities Broad Basket","Commodities","1"
"HIGH","Simplify Enhanced Income ETF","ETF","129890.2","Short-Term Bond","Taxable Bond","1"
"HIYY","YieldMax HIMS Option Income Strategy ETF","ETF","58390","Derivative Income","Nontraditional Equity","1"
"HNDL","Strategy Shares Nasdaq 7 Handl™ Index ETF","ETF","83998","Moderately Conservative Allocation","Allocation","1"
"HODL","VanEck Bitcoin ETF","ETF","1974531","Digital Assets","Alternative","1"
"HOOY","YieldMax HOOD Option Income Strategy ETF","ETF","110118.5","Derivative Income","Nontraditional Equity","1"
"HYD","VanEck High Yield Muni ETF","ETF","547420.5","High Yield Muni","Municipal Bond","1"
"HYEM","VanEck Emerging Markets High Yield Bond ETF","ETF","120467.1","Emerging Markets Bond","Taxable Bond","1"
"HYG","iShares iBoxx $ High Yield Corporate Bond ETF","ETF","36753256.5","High Yield Bond","Taxable Bond","1"
"HYGH","iShares Interest Rate Hedged High Yield Bond ETF","ETF","90136.5","High Yield Bond","Taxable Bond","1"
"HYLB","Xtrackers USD High Yield Corporate Bond ETF","ETF","1379897.4","High Yield Bond","Taxable Bond","1"
"HYMB","State Street® SPDR® Nuveen ICE High Yield Municipal Bond ETF","ETF","491695","High Yield Muni","Municipal Bond","1"
"HYS","PIMCO 0-5 Year High Yield Corporate Bond Index Exchange-Traded Fund","ETF","104471.7","High Yield Bond","Taxable Bond","1"
"IAGG","iShares Core International Aggregate Bond ETF","ETF","823958.3","Global Bond-USD Hedged","Taxable Bond","1"
"IAI","iShares U.S. Broker-Dealers & Securities Exchanges ETF","ETF","192659.6","Financial","Sector Equity","1"
"IAK","iShares U.S. Insurance ETF","ETF","86336.5","Financial","Sector Equity","1"
"IAT","iShares U.S. Regional Banks ETF","ETF","323666.3","Financial","Sector Equity","1"
"IAU","iShares Gold Trust","ETF","9956382.2","Commodities Focused","Commodities","1"
"IAUI","NEOS Gold High Income ETF","ETF","171261.8","Commodities Focused","Commodities","1"
"IBB","iShares Biotechnology ETF","ETF","1793005.4","Health","Sector Equity","1"
"IBIT","iShares Bitcoin Trust ETF","ETF","60004887.6","Digital Assets","Alternative","1"
"IBND","SPDR® Bloomberg International Corporate Bond ETF","ETF","156588.6","Global Bond","Taxable Bond","1"
"ICF","iShares Select U.S. REIT ETF","ETF","118822.2","Real Estate","Sector Equity","1"
"ICLN","iShares Global Clean Energy ETF","ETF","4115065.7","Miscellaneous Sector","Sector Equity","1"
"ICOP","iShares Copper and Metals Mining ETF","ETF","245156.9","Natural Resources","Sector Equity","1"
"ICSH","iShares Ultra Short Duration Bond Active ETF","ETF","1231231.1","Ultrashort Bond","Taxable Bond","1"
"ICVT","iShares Convertible Bond ETF","ETF","829750.2","Convertibles","Allocation","1"
"IDEV","iShares Core MSCI International Developed Markets ETF","ETF","2370806.8","Foreign Large Blend","International Equity","1"
"IDHQ","Invesco S&P International Developed Quality ETF","ETF","75596","Foreign Large Growth","International Equity","1"
"IDU","iShares U.S. Utilities ETF","ETF","77366.3","Utilities","Sector Equity","1"
"IDUB","Aptus International Enhanced Yield ETF","ETF","119168","Derivative Income","Nontraditional Equity","1"
"IDV","iShares International Select Dividend ETF","ETF","1737346.9","Foreign Large Value","International Equity","1"
"IDVO","Amplify CWP International Enhanced Dividend Income ETF","ETF","577496.5","Derivative Income","Nontraditional Equity","1"
"IEF","iShares 7-10 Year Treasury Bond ETF","ETF","9460360.8","Long Government","Taxable Bond","1"
"IEFA","iShares Core MSCI EAFE ETF","ETF","15128376.5","Foreign Large Blend","International Equity","1"
"IEI","iShares 3-7 Year Treasury Bond ETF","ETF","1827260.8","Intermediate Government","Taxable Bond","1"
"IEMG","iShares Core MSCI Emerging Markets ETF","ETF","16558679","Diversified Emerging Mkts","International Equity","1"
"IEO","iShares U.S. Oil & Gas Exploration & Production ETF","ETF","69097.9","Equity Energy","Sector Equity","1"
"IETC","iShares U.S. Tech Independence Focused ETF","ETF","110216.2","Technology","Sector Equity","1"
"IEUR","iShares Core MSCI Europe ETF","ETF","1279744.8","Europe Stock","International Equity","1"
"IEV","iShares Europe ETF","ETF","232879.1","Europe Stock","International Equity","1"
"IEZ","iShares U.S. Oil Equipment & Services ETF","ETF","803826","Equity Energy","Sector Equity","1"
"IFLN","Invesco Bloomberg Enhanced Fallen Angels ETF","ETF","71808.5","High Yield Bond","Taxable Bond","1"
"IFRA","iShares U.S. Infrastructure ETF","ETF","331195.9","Infrastructure","Sector Equity","1"
"IFV","First Trust Dorsey Wright International Focus 5 ETF","ETF","75996.7","Foreign Large Blend","International Equity","1"
"IGE","iShares North American Natural Resources ETF","ETF","425646.9","Natural Resources","Sector Equity","1"
"IGF","iShares Global Infrastructure ETF","ETF","896861.9","Infrastructure","Sector Equity","1"
"IGIB","iShares 5-10 Year Investment Grade Corporate Bond ETF","ETF","2777973.5","Corporate Bond","Taxable Bond","1"
"IGLB","iShares 10+ Year Investment Grade Corporate Bond ETF","ETF","1709764.7","Long-Term Bond","Taxable Bond","1"
"IGLD","FT Vest Gold Strategy Target Income ETF","ETF","181498.5","Commodities Focused","Commodities","1"
"IGM","iShares Expanded Tech Sector ETF","ETF","546343","Technology","Sector Equity","1"
"IGOV","iShares International Treasury Bond ETF","ETF","484953.6","Global Bond","Taxable Bond","1"
"IGRO","iShares International Dividend Growth ETF","ETF","77822.5","Foreign Large Blend","International Equity","1"
"IGSB","iShares 1-5 Year Investment Grade Corporate Bond ETF","ETF","2425094.6","Short-Term Bond","Taxable Bond","1"
"IGV","iShares Expanded Tech-Software Sector ETF","ETF","29966674.6","Technology","Sector Equity","1"
"IHAK","iShares Cybersecurity and Tech ETF","ETF","250434.8","Technology","Sector Equity","1"
"IHDG","WisdomTree International Hedged Quality Dividend Growth Fund","ETF","184527.8","Foreign Large Growth","International Equity","1"
"IHE","iShares U.S. Pharmaceuticals ETF","ETF","65142.8","Health","Sector Equity","1"
"IHF","iShares U.S. Healthcare Providers ETF","ETF","232338.5","Health","Sector Equity","1"
"IHI","iShares U.S. Medical Devices ETF","ETF","1864320.4","Health","Sector Equity","1"
"IJH","iShares Core S&P Mid-Cap ETF","ETF","18065548.2","Mid-Cap Blend","US Equity","1"
"IJJ","iShares S&P Mid-Cap 400 Value ETF","ETF","147472.7","Mid-Cap Value","US Equity","1"
"IJK","iShares S&P Mid-Cap 400 Growth ETF","ETF","158130.6","Mid-Cap Growth","US Equity","1"
"IJR","iShares Core S&P Small-Cap ETF","ETF","6082125.1","Small Blend","US Equity","1"
"IJS","iShares S&P Small-Cap 600 Value ETF","ETF","189652.8","Small Value","US Equity","1"
"IJT","iShares S&P Small-Cap 600 Growth ETF","ETF","107460.7","Small Growth","US Equity","1"
"ILCG","iShares Morningstar Growth ETF","ETF","79316.6","Large Growth","US Equity","1"
"ILF","iShares Latin America 40 ETF","ETF","5197505.8","Latin America Stock","International Equity","1"
"IMCG","iShares Morningstar Mid-Cap Growth ETF","ETF","100872.4","Mid-Cap Growth","US Equity","1"
"IMTM","iShares MSCI Intl Momentum Factor ETF","ETF","503721.1","Foreign Large Blend","International Equity","1"
"INCO","Columbia India Consumer ETF","ETF","53253.8","India Equity","International Equity","1"
"INDA","iShares MSCI India ETF","ETF","7226011.1","India Equity","International Equity","1"
"INDY","iShares India 50 ETF","ETF","144468.1","India Equity","International Equity","1"
"INFL","Horizon Kinetics Inflation Beneficiaries ETF","ETF","235201.9","Global Small/Mid Stock","International Equity","1"
"INMU","iShares Intermediate Muni Income Active ETF","ETF","128017.1","Muni National Interm","Municipal Bond","1"
"INTF","iShares International Equity Factor ETF","ETF","259624.1","Foreign Large Blend","International Equity","1"
"IOO","iShares Global 100 ETF","ETF","109288","Global Large-Stock Blend","International Equity","1"
"IPAC","iShares Core MSCI Pacific ETF","ETF","128649.4","Diversified Pacific/Asia","International Equity","1"
"IPKW","Invesco International BuyBack Achievers™ ETF","ETF","67071.4","Foreign Large Value","International Equity","1"
"IQDF","FlexShares International Quality Dividend Index Fund","ETF","93083.3","Foreign Large Value","International Equity","1"
"IQDG","WisdomTree International Quality Dividend Growth Fund","ETF","64054","Foreign Large Growth","International Equity","1"
"IQLT","iShares MSCI Intl Quality Factor ETF","ETF","2272846.5","Foreign Large Blend","International Equity","1"
"ISPY","ProShares S&P 500 High Income ETF","ETF","127064.3","Derivative Income","Nontraditional Equity","1"
"ISTB","iShares Core 1-5 Year USD Bond ETF","ETF","412001.5","Short-Term Bond","Taxable Bond","1"
"ITA","iShares U.S. Aerospace & Defense ETF","ETF","780317.1","Industrials","Sector Equity","1"
"ITB","iShares U.S. Home Construction ETF","ETF","2445937.4","Consumer Cyclical","Sector Equity","1"
"ITM","VanEck Intermediate Muni ETF","ETF","179357.9","Muni National Interm","Municipal Bond","1"
"ITOT","iShares Core S&P Total U.S. Stock Market ETF","ETF","6931943.3","Large Blend","US Equity","1"
"IUSB","iShares Core Universal USD Bond ETF","ETF","2491437","Intermediate Core-Plus Bond","Taxable Bond","1"
"IUSG","iShares Core S&P U.S. Growth ETF","ETF","560154.5","Large Growth","US Equity","1"
"IUSV","iShares Core S&P U.S. Value ETF","ETF","926564.1","Large Value","US Equity","1"
"IVE","iShares S&P 500 Value ETF","ETF","966812.3","Large Value","US Equity","1"
"IVES","Dan IVES Wedbush AI Revolution ETF","ETF","660176.3","Technology","Sector Equity","1"
"IVLU","iShares Edge MSCI Intl Value Factor ETF","ETF","1808420.9","Foreign Large Value","International Equity","1"
"IVOG","Vanguard S&P Mid-Cap 400 Growth Index Fund ETF Shares","ETF","54652.1","Mid-Cap Growth","US Equity","1"
"IVOL","Quadratic Interest Rate Volatility and Inflation Hedge ETF New","ETF","175753.8","Inflation-Protected Bond","Taxable Bond","1"
"IVOO","Vanguard S&P Mid-Cap 400 Index Fund ETF Shares","ETF","81412.1","Mid-Cap Blend","US Equity","1"
"IVOV","Vanguard S&P Mid-Cap 400 Value Index Fund ETF Shares","ETF","90063.3","Mid-Cap Value","US Equity","1"
"IVV","iShares Core S&P 500 ETF","ETF","6388222.9","Large Blend","US Equity","1"
"IVW","iShares S&P 500 Growth ETF","ETF","4341518.7","Large Growth","US Equity","1"
"IWB","iShares Russell 1000 ETF","ETF","1487372.1","Large Blend","US Equity","1"
"IWC","iShares Micro-Cap ETF","ETF","113166.2","Small Blend","US Equity","1"
"IWD","iShares Russell 1000 Value ETF","ETF","3352489.5","Large Value","US Equity","1"
"IWF","iShares Russell 1000 Growth ETF","ETF","3198342.8","Large Growth","US Equity","1"
"IWL","iShares Russell Top 200 ETF","ETF","63086.4","Large Blend","US Equity","1"
"IWM","iShares Russell 2000 ETF","ETF","38761738","Small Blend","US Equity","1"
"IWMI","NEOS Russell 2000 High Income ETF","ETF","485413","Derivative Income","Nontraditional Equity","1"
"IWMY","Defiance R2000 Target 30 Weekly Distribution ETF","ETF","79246.4","Trading--Miscellaneous","Miscellaneous","1"
"IWN","iShares Russell 2000 Value ETF","ETF","609539.6","Small Value","US Equity","1"
"IWO","iShares Russell 2000 Growth ETF","ETF","366376.6","Small Growth","US Equity","1"
"IWP","iShares Russell Mid-Cap Growth ETF","ETF","622249.4","Mid-Cap Growth","US Equity","1"
"IWR","iShares Russell Mid-Cap ETF","ETF","1919123.6","Mid-Cap Blend","US Equity","1"
"IWS","iShares Russell Mid-Cap Value ETF","ETF","343863.8","Mid-Cap Value","US Equity","1"
"IWV","iShares Russell 3000 ETF","ETF","330382.5","Large Blend","US Equity","1"
"IWX","iShares Russell Top 200 Value ETF","ETF","389996.6","Large Value","US Equity","1"
"IWY","iShares Russell Top 200 Growth ETF","ETF","596574.7","Large Growth","US Equity","1"
"IXC","iShares Global Energy ETF","ETF","1245679.6","Equity Energy","Sector Equity","1"
"IXJ","iShares Global Healthcare ETF","ETF","576956.2","Health","Sector Equity","1"
"IXN","iShares Global Tech ETF","ETF","175587.3","Technology","Sector Equity","1"
"IXUS","iShares Core MSCI Total International Stock ETF","ETF","2704061.2","Foreign Large Blend","International Equity","1"
"IYC","iShares US Consumer Discretionary ETF","ETF","254865.9","Consumer Cyclical","Sector Equity","1"
"IYE","iShares U.S. Energy ETF","ETF","1173975.3","Equity Energy","Sector Equity","1"
"IYF","iShares U.S. Financials ETF","ETF","433832.5","Financial","Sector Equity","1"
"IYG","iShares U.S. Financial Services ETF","ETF","112473.5","Financial","Sector Equity","1"
"IYH","iShares U.S. Healthcare ETF","ETF","566500.6","Health","Sector Equity","1"
"IYJ","iShares U.S. Industrials ETF","ETF","155117.8","Industrials","Sector Equity","1"
"IYK","iShares US Consumer Staples ETF","ETF","361579.6","Consumer Defensive","Sector Equity","1"
"IYM","iShares U.S. Basic Materials ETF","ETF","129335.5","Natural Resources","Sector Equity","1"
"IYR","iShares U.S. Real Estate ETF","ETF","8950533.2","Real Estate","Sector Equity","1"
"IYRI","Neos Real Estate High Income ETF","ETF","86473.1","Derivative Income","Nontraditional Equity","1"
"IYT","iShares Transportation Average ETF","ETF","605096.4","Industrials","Sector Equity","1"
"IYW","iShares U.S. Technology ETF","ETF","949480.5","Technology","Sector Equity","1"
"IYZ","iShares U.S. Telecommunications ETF","ETF","3165546.3","Communications","Sector Equity","1"
"JAAA","Janus Henderson AAA CLO ETF","ETF","6950983.3","Securitized Bond - Focused","Taxable Bond","1"
"JAVA","JPMorgan Active Value ETF","ETF","451732.7","Large Value","US Equity","1"
"JBBB","Janus Henderson B-BBB CLO ETF","ETF","439085.7","Securitized Bond - Focused","Taxable Bond","1"
"JCPB","JPMorgan Core Plus Bond ETF","ETF","1645024.7","Intermediate Core-Plus Bond","Taxable Bond","1"
"JEPI","JPMorgan Equity Premium Income ETF","ETF","5273925.2","Derivative Income","Nontraditional Equity","1"
"JEPQ","JPMorgan Nasdaq Equity Premium Income ETF","ETF","5490407.5","Derivative Income","Nontraditional Equity","1"
"JETS","U.S. Global Jets ETF","ETF","3391037","Industrials","Sector Equity","1"
"JHMM","John Hancock Multifactor Mid Cap ETF","ETF","220336","Mid-Cap Blend","US Equity","1"
"JIRE","JPMorgan International Research Enhanced Equity ETF","ETF","500170.7","Foreign Large Blend","International Equity","1"
"JMBS","Janus Henderson Mortgage-Backed Securities ETF","ETF","867802.5","Government Mortgage-Backed Bond","Taxable Bond","1"
"JMST","JPMorgan Ultra-Short Municipal Income ETF","ETF","994132.8","Muni National Short","Municipal Bond","1"
"JNK","State Street® SPDR® Bloomberg High Yield Bond ETF","ETF","3551039.8","High Yield Bond","Taxable Bond","1"
"JPST","JPMorgan Ultra-Short Income ETF","ETF","5580966.6","Ultrashort Bond","Taxable Bond","1"
"JQUA","JPMorgan U.S. Quality Factor ETF","ETF","1208146.6","Large Blend","US Equity","1"
"JSMD","Janus Henderson Small/Mid Cap Growth Alpha ETF","ETF","62599.8","Small Growth","US Equity","1"
"KBA","KraneShares Bosera MSCI China A 50 Connect Index ETF","ETF","102095.7","China Region","International Equity","1"
"KBE","State Street® SPDR® S&P® Bank ETF","ETF","1963714.5","Financial","Sector Equity","1"
"KBWB","Invesco KBW Bank ETF","ETF","2654619.6","Financial","Sector Equity","1"
"KBWD","Invesco KBW High Dividend Yield Financial ETF","ETF","564698.9","Financial","Sector Equity","1"
"KBWY","Invesco KBW Premium Yield Equity REIT ETF","ETF","165554.6","Real Estate","Sector Equity","1"
"KDEF","PLUS Korea Defense Industry Index ETF","ETF","87366.3","Industrials","Sector Equity","1"
"KIE","State Street® SPDR® S&P® Insurance ETF","ETF","1746726.5","Financial","Sector Equity","1"
"KMLM","KraneShares Mount Lucas Managed Futures Index Strategy ETF","ETF","115163.7","Systematic Trend","Alternative","1"
"KOMP","State Street® SPDR® S&P Kensho New Economies Composite ETF","ETF","69612.5","Mid-Cap Growth","US Equity","1"
"KRE","State Street® SPDR® S&P® Regional Banking ETF","ETF","20935501.5","Financial","Sector Equity","1"
"KSA","iShares MSCI Saudi Arabia ETF","ETF","905434.2","Miscellaneous Region","International Equity","1"
"KSPY","Kraneshares Hedgeye Hedged Equity Index ETF","ETF","60352.7","Equity Hedged","Nontraditional Equity","1"
"KSTR","KraneShares SSE STAR Market 50 Index ETF","ETF","203550.4","China Region","International Equity","1"
"KWEB","KraneShares CSI China Internet ETF","ETF","22071971.3","China Region","International Equity","1"
"LEMB","iShares J.P. Morgan EM Local Currency Bond ETF","ETF","348427.1","Emerging-Markets Local-Currency Bond","Taxable Bond","1"
"LFGY","YieldMax Crypto Industry & Tech Portfolio Option Income ETF","ETF","66790.2","Equity Digital Assets","Alternative","1"
"LIT","Global X Lithium & Battery Tech ETF","ETF","328694.4","Natural Resources","Sector Equity","1"
"LMBS","First Trust Low Duration Opportunities ETF","ETF","453180.1","Short Government","Taxable Bond","1"
"LQD","iShares iBoxx $ Investment Grade Corporate Bond ETF","ETF","35654393.5","Corporate Bond","Taxable Bond","1"
"LQDH","iShares Interest Rate Hedged Corporate Bond ETF","ETF","54794.9","Ultrashort Bond","Taxable Bond","1"
"LRGF","iShares U.S. Equity Factor ETF","ETF","372466.2","Large Blend","US Equity","1"
"LRND","NYLI U.S. Large Cap R&D Leaders ETF","ETF","135591.9","Large Blend","US Equity","1"
"LTPZ","PIMCO 15+ Year U.S. TIPS Index Exchange-Traded Fund","ETF","83921.4","Inflation-Protected Bond","Taxable Bond","1"
"LVHI","Franklin International Low Volatility High Dividend Index ETF","ETF","992101.3","Foreign Large Value","International Equity","1"
"MAGS","Roundhill Magnificent Seven ETF","ETF","4505847.5","Technology","Sector Equity","1"
"MAGY","Roundhill Magnificent Seven Covered Call ETF","ETF","134438.4","Derivative Income","Nontraditional Equity","1"
"MARO","YieldMax MARA Option Income Strategy ETF","ETF","126846.3","Derivative Income","Nontraditional Equity","1"
"MBB","iShares MBS ETF","ETF","2202191.3","Government Mortgage-Backed Bond","Taxable Bond","1"
"MCHI","iShares MSCI China ETF","ETF","3136381.7","China Region","International Equity","1"
"MDIV","First Trust Multi-Asset Diversified Income Index Fund","ETF","59635.6","Aggressive Allocation","Allocation","1"
"MDY","State Street® SPDR® S&P MIDCAP 400® ETF Trust","ETF","930912.8","Mid-Cap Blend","US Equity","1"
"MDYG","State Street® SPDR® S&P 400™ Mid Cap Growth ETF","ETF","75656.9","Mid-Cap Growth","US Equity","1"
"MDYV","State Street® SPDR® S&P 400™ Mid Cap Value ETF","ETF","77002.2","Small Value","US Equity","1"
"MEME","Roundhill Meme Stock ETF","ETF","133895.2","Trading--Leveraged Equity","Miscellaneous","1"
"METV","Roundhill Ball Metaverse ETF","ETF","94711.5","Technology","Sector Equity","1"
"MGC","Vanguard Mega Cap Index Fund ETF Shares","ETF","119050","Large Blend","US Equity","1"
"MGK","Vanguard Mega Cap Growth Index Fund ETF Shares","ETF","582371","Large Growth","US Equity","1"
"MGV","Vanguard Mega Cap Value Index Fund ETF Shares","ETF","212492.3","Large Value","US Equity","1"
"MINT","PIMCO Enhanced Short Maturity Active Exchange-Traded Fund","ETF","1324694.7","Ultrashort Bond","Taxable Bond","1"
"MISL","First Trust Indxx Aerospace & Defense ETF","ETF","303577.5","Industrials","Sector Equity","1"
"MJ","Amplify Alternative Harvest ETF","ETF","55338.6","Miscellaneous Sector","Sector Equity","1"
"MLN","VanEck Long Muni ETF","ETF","303875.6","Muni National Long","Municipal Bond","1"
"MLPA","Global X MLP ETF","ETF","276151.9","Energy Limited Partnership","Sector Equity","1"
"MLPX","Global X MLP & Energy Infrastructure ETF","ETF","286716.2","Energy Limited Partnership","Sector Equity","1"
"MOAT","VanEck Morningstar Wide Moat ETF","ETF","992310.9","Large Blend","US Equity","1"
"MOO","VanEck Agribusiness ETF","ETF","270104.3","Natural Resources","Sector Equity","1"
"MORT","VanEck Mortgage REIT Income ETF","ETF","1710769.1","Real Estate","Sector Equity","1"
"MRNY","YieldMax MRNA Option Income Strategy ETF","ETF","213594.6","Derivative Income","Nontraditional Equity","1"
"MSFO","YieldMax MSFT Option Income Strategy ETF","ETF","139789.4","Derivative Income","Nontraditional Equity","1"
"MSOS","AdvisorShares Pure US Cannabis ETF","ETF","6005604.7","Miscellaneous Sector","Sector Equity","1"
"MSTY","Yieldmax MSTR Option Income Strategy ETF","ETF","862516.7","Derivative Income","Nontraditional Equity","1"
"MTBA","Simplify MBS ETF","ETF","234356.8","Intermediate Government","Taxable Bond","1"
"MTUM","iShares MSCI USA Momentum Factor ETF","ETF","706541.5","Large Blend","US Equity","1"
"MUB","iShares National Muni Bond ETF","ETF","2952604","Muni National Interm","Municipal Bond","1"
"MUNI","PIMCO Intermediate Municipal Bond Active Exchange-Traded Fund","ETF","245025","Muni National Interm","Municipal Bond","1"
"MXI","iShares Global Materials ETF","ETF","59091.8","Natural Resources","Sector Equity","1"
"NANR","State Street® SPDR® S&P® North American Natural Resources ETF","ETF","147728.5","Natural Resources","Sector Equity","1"
"NEAR","iShares Short Duration Bond Active ETF","ETF","448856.7","Short-Term Bond","Taxable Bond","1"
"NFLY","YieldMax NFLX Option Income Strategy ETF","ETF","85900.4","Derivative Income","Nontraditional Equity","1"
"NFRA","FlexShares STOXX Global Broad Infrastructure Index Fund","ETF","73432.3","Infrastructure","Sector Equity","1"
"NLR","VanEck Uranium and Nuclear ETF","ETF","473357.1","Natural Resources","Sector Equity","1"
"NOBL","ProShares S&P 500 Dividend Aristocrats ETF","ETF","666149.9","Large Value","US Equity","1"
"NUKZ","Range Nuclear Renaissance ETF","ETF","99311.6","Miscellaneous Sector","Sector Equity","1"
"NVDY","YieldMax NVDA Option Income Strategy ETF","ETF","5657225.6","Derivative Income","Nontraditional Equity","1"
"NVYY","GraniteShares YieldBOOST NVDA ETF","ETF","135295.8","Derivative Income","Nontraditional Equity","1"
"OEF","iShares S&P 100 ETF","ETF","703777.5","Large Blend","US Equity","1"
"OIH","VanEck Oil Services ETF","ETF","671115.2","Equity Energy","Sector Equity","1"
"OILK","ProShares K-1 Free Crude Oil ETF","ETF","107551.6","Commodities Focused","Commodities","1"
"OMAH","VistaShares Target 15 Berkshire Select Income ETF","ETF","519696.5","Derivative Income","Nontraditional Equity","1"
"OMFL","Invesco Russell 1000® Dynamic Multifactor ETF","ETF","444991.1","Large Blend","US Equity","1"
"ONEQ","Fidelity Nasdaq Composite Index ETF","ETF","336022.3","Large Growth","US Equity","1"
"OPPE","WisdomTree European Opportunities Fund","ETF","53055.2","Europe Stock","International Equity","1"
"OPPJ","WisdomTree Japan Opportunities Fund","ETF","79615.5","Japan Stock","International Equity","1"
"ORR","Militia Long/Short Equity ETF","ETF","379848","Long-Short Equity","Nontraditional Equity","1"
"OUNZ","VanEck Merk Gold Trust","ETF","1556378.8","Commodities Focused","Commodities","1"
"OUSM","ALPS O'Shares U.S. Small-Cap Quality Dividend ETF Shares","ETF","50229.4","Small Blend","US Equity","1"
"PALL","abrdn Physical Palladium Shares ETF","ETF","328398.4","Commodities Focused","Commodities","1"
"PAVE","Global X U.S. Infrastructure Development ETF","ETF","1746225.3","Infrastructure","Sector Equity","1"
"PBD","Invesco Global Clean Energy ETF","ETF","70114.4","Global Small/Mid Stock","International Equity","1"
"PBW","Invesco WilderHill Clean Energy ETF","ETF","1277782","Small Growth","US Equity","1"
"PCEF","Invesco CEF Income Composite ETF","ETF","122515.4","Global Moderate Allocation","Allocation","1"
"PCY","Invesco Emerging Markets Sovereign Debt ETF","ETF","1009226.3","Emerging Markets Bond","Taxable Bond","1"
"PDBA","Invesco Agriculture Commodity Strategy No K-1 ETF","ETF","62554","Commodities Focused","Commodities","1"
"PDBC","Invesco Optimum Yield Diversified Commodity Strategy No K-1 ETF","ETF","5545067.9","Commodities Broad Basket","Commodities","1"
"PEJ","Invesco Dynamic Leisure and Entertainment ETF","ETF","55265.4","Consumer Cyclical","Sector Equity","1"
"PEY","Invesco High Yield Equity Dividend Achievers™ ETF","ETF","171859.9","Mid-Cap Value","US Equity","1"
"PFF","iShares Preferred and Income Securities ETF","ETF","3272933.7","Preferred Stock","Taxable Bond","1"
"PFFA","Virtus InfraCap U.S. Preferred Stock ETF","ETF","1007474.5","Preferred Stock","Taxable Bond","1"
"PFFD","Global X U.S. Preferred ETF","ETF","464530.9","Preferred Stock","Taxable Bond","1"
"PFIX","Simplify Interest Rate Hedge ETF","ETF","346869.7","Trading--Inverse Debt","Miscellaneous","1"
"PFXF","VanEck Preferred Securities ex Financials ETF","ETF","537656.4","Preferred Stock","Taxable Bond","1"
"PGF","Invesco Financial Preferred ETF","ETF","149931.5","Preferred Stock","Taxable Bond","1"
"PGX","Invesco Preferred ETF","ETF","2304649.5","Preferred Stock","Taxable Bond","1"
"PHO","Invesco Water Resources ETF","ETF","55047.9","Natural Resources","Sector Equity","1"
"PICK","iShares MSCI Global Metals & Mining Producers ETF","ETF","547202.7","Natural Resources","Sector Equity","1"
"PID","Invesco International Dividend Achievers ETF","ETF","67059.6","Foreign Large Value","International Equity","1"
"PIE","Invesco Dorsey Wright Emerging Markets Momentum ETF","ETF","86779","Diversified Emerging Mkts","International Equity","1"
"PINK","Simplify Health Care ETF","ETF","126088.6","Health","Sector Equity","1"
"PIZ","Invesco Dorsey Wright Developed Markets Momentum ETF","ETF","231294.3","Foreign Large Growth","International Equity","1"
"PLTY","YieldMax PLTR Option Income Strategy ETF","ETF","187896.9","Derivative Income","Nontraditional Equity","1"
"PNQI","Invesco NASDAQ Internet ETF","ETF","129299.8","Large Growth","US Equity","1"
"POWR","iShares U.S. Power Infrastructure ETF","ETF","106019.5","Infrastructure","Sector Equity","1"
"PPA","Invesco Aerospace & Defense ETF","ETF","230550.1","Industrials","Sector Equity","1"
"PPH","VanEck Pharmaceutical ETF","ETF","406148","Health","Sector Equity","1"
"PPI","Astoria Real Asset ETF","ETF","131452.6","Global Moderately Aggressive Allocation","Allocation","1"
"PPLT","abrdn Physical Platinum Shares ETF","ETF","504253.5","Commodities Focused","Commodities","1"
"PRF","Invesco RAFI US 1000 ETF","ETF","405910.4","Large Value","US Equity","1"
"PRFZ","Invesco RAFI US 1500 Small-Mid ETF","ETF","65408.6","Small Blend","US Equity","1"
"PSCE","Invesco S&P SmallCap Energy ETF","ETF","50453.6","Equity Energy","Sector Equity","1"
"PSEP","Innovator U.S. Equity Power Buffer ETF™ - September","ETF","91149.5","Defined Outcome","Nontraditional Equity","1"
"PSI","Invesco Semiconductors ETF","ETF","350706.2","Technology","Sector Equity","1"
"PSK","State Street® SPDR® ICE Preferred Securities ETF","ETF","145681.5","Preferred Stock","Taxable Bond","1"
"PSP","Invesco Global Listed Private Equity ETF","ETF","123154.2","Financial","Sector Equity","1"
"PTLC","Pacer Trendpilot™ US Large Cap ETF","ETF","151465.8","Large Blend","US Equity","1"
"PULS","PGIM Ultra Short Bond ETF","ETF","2598523.4","Ultrashort Bond","Taxable Bond","1"
"PWRD","TCW Transform Systems ETF","ETF","93513.4","Large Blend","US Equity","1"
"PWZ","Invesco California AMT-Free Municipal Bond ETF","ETF","153673.4","Muni California Long","Municipal Bond","1"
"PXF","Invesco RAFI Developed Markets ex-U.S. ETF","ETF","274444.4","Foreign Large Value","International Equity","1"
"PXH","Invesco RAFI Emerging Markets ETF","ETF","550815.5","Diversified Emerging Mkts","International Equity","1"
"PZA","Invesco National AMT-Free Municipal Bond ETF","ETF","960162.7","Muni National Long","Municipal Bond","1"
"QAI","NYLI Hedge Multi-Strategy Tracker ETF","ETF","83122.4","Multistrategy","Alternative","1"
"QCLN","First Trust NASDAQ® Clean Edge® Green Energy Index Fund","ETF","82398.2","Miscellaneous Sector","Sector Equity","1"
"QDPL","Pacer Metaurus US Large Cap Dividend Multiplier 400 ETF","ETF","196512.4","Large Blend","US Equity","1"
"QDTE","Roundhill Innovation-100 0DTE Covered Call Strategy ETF","ETF","527205.1","Derivative Income","Nontraditional Equity","1"
"QDVO","Amplify CWP Growth & Income ETF","ETF","337349.5","Derivative Income","Nontraditional Equity","1"
"QETH","Invesco Galaxy Ethereum ETF","ETF","142024.4","Digital Assets","Alternative","1"
"QGRO","American Century U.S. Quality Growth ETF","ETF","124748.8","Large Growth","US Equity","1"
"QGRW","Wisdomtree U.S. Quality Growth Fund","ETF","277536.2","Large Growth","US Equity","1"
"QQEW","First Trust Nasdaq-100 Select Equal Weight ETF","ETF","54825.9","Large Growth","US Equity","1"
"QQQ","Invesco QQQ Trust","ETF","65213764","Large Growth","US Equity","1"
"QQQE","Direxion NASDAQ-100® Equal Weighted Index Shares","ETF","318465.4","Large Growth","US Equity","1"
"QQQI","NEOS NASDAQ-100(R) High Income ETF","ETF","7182811.8","Derivative Income","Nontraditional Equity","1"
"QQQJ","Invesco NASDAQ Next Gen 100 ETF","ETF","237250.9","Mid-Cap Growth","US Equity","1"
"QQQM","Invesco NASDAQ 100 ETF","ETF","5383618.2","Large Growth","US Equity","1"
"QQQY","Defiance Nasdaq 100 Target 30 Weekly Distribution ETF","ETF","163557.4","Trading--Miscellaneous","Miscellaneous","1"
"QTEC","First Trust NASDAQ-100-Technology Sector Index Fund","ETF","205111.6","Technology","Sector Equity","1"
"QTOP","iShares Nasdaq Top 30 Stocks ETF","ETF","457215.2","Large Growth","US Equity","1"
"QTUM","Defiance Quantum ETF","ETF","315088.5","Technology","Sector Equity","1"
"QUAL","iShares MSCI USA Quality Factor ETF","ETF","1864660","Large Blend","US Equity","1"
"QYLD","Global X NASDAQ 100 Covered Call ETF","ETF","10233622.2","Derivative Income","Nontraditional Equity","1"
"RAAX","VanEck Real Assets ETF","ETF","193340.1","Global Moderate Allocation","Allocation","1"
"RDTE","Roundhill Russell 2000 0DTE Covered Call Strategy ETF","ETF","91909.1","Derivative Income","Nontraditional Equity","1"
"RDVI","FT Vest Rising Dividend Achievers Target Income ETF","ETF","625419.6","Derivative Income","Nontraditional Equity","1"
"RDVY","First Trust Rising Dividend Achievers ETF","ETF","1417587.4","Large Value","US Equity","1"
"REET","iShares Global REIT ETF","ETF","1980677.8","Global Real Estate","Sector Equity","1"
"REM","iShares Mortgage Real Estate Capped ETF","ETF","850771.8","Real Estate","Sector Equity","1"
"REMX","VanEck Rare Earth and Strategic Metals ETF","ETF","1341059.3","Natural Resources","Sector Equity","1"
"REZ","iShares Residential and Multisector Real Estate ETF","ETF","80279.5","Real Estate","Sector Equity","1"
"RIET","Hoya Capital High Dividend Yield ETF","ETF","54766.2","Real Estate","Sector Equity","1"
"RING","iShares MSCI Global Gold Miners ETF","ETF","372170.1","Equity Precious Metals","Sector Equity","1"
"RLY","State Street® Multi-Asset Real Return ETF","ETF","325433.1","Global Moderate Allocation","Allocation","1"
"ROBO","Robo Global® Robotics and Automation Index ETF","ETF","186690.7","Global Small/Mid Stock","International Equity","1"
"ROBT","First Trust Nasdaq Artificial Intelligence and Robotics ETF","ETF","94330.2","Technology","Sector Equity","1"
"RODM","Hartford Multifactor Developed Markets (ex-US) ETF","ETF","99550.7","Foreign Large Value","International Equity","1"
"RPG","Invesco S&P 500® Pure Growth ETF","ETF","211090.4","Large Growth","US Equity","1"
"RPV","Invesco S&P 500® Pure Value ETF","ETF","174107.4","Mid-Cap Value","US Equity","1"
"RSP","Invesco S&P 500® Equal Weight ETF","ETF","23328170.9","Large Blend","US Equity","1"
"RSPD","Invesco S&P 500® Equal Weight Consumer Discretionary ETF","ETF","131920.3","Consumer Cyclical","Sector Equity","1"
"RSPG","Invesco S&P 500® Equal Weight Energy ETF","ETF","108070.7","Equity Energy","Sector Equity","1"
"RSPH","Invesco S&P 500® Equal Weight Health Care ETF","ETF","58008.1","Health","Sector Equity","1"
"RSPN","Invesco S&P 500® Equal Weight Industrials ETF","ETF","505965.6","Industrials","Sector Equity","1"
"RSPS","Invesco S&P 500® Equal Weight Consumer Staples ETF","ETF","195919.6","Consumer Defensive","Sector Equity","1"
"RSPT","Invesco S&P 500® Equal Weight Technology ETF","ETF","396827.5","Technology","Sector Equity","1"
"RSPU","Invesco S&P 500® Equal Weight Utilities ETF","ETF","50568.4","Utilities","Sector Equity","1"
"RWJ","Invesco S&P SmallCap 600 Revenue ETF","ETF","78263.6","Small Value","US Equity","1"
"RWL","Invesco S&P 500 Revenue ETF","ETF","361138","Large Value","US Equity","1"
"RWR","State Street® SPDR® Dow Jones® REIT ETF","ETF","499478.9","Real Estate","Sector Equity","1"
"RYLD","Global X Russell 2000 Covered Call ETF","ETF","658070.9","Derivative Income","Nontraditional Equity","1"
"SCHA","Schwab U.S. Small-Cap ETF™","ETF","4065109.8","Small Blend","US Equity","1"
"SCHB","Schwab U.S. Broad Market ETF™","ETF","10078580.1","Large Blend","US Equity","1"
"SCHC","Schwab International Small-Cap Equity ETF™","ETF","422153.5","Foreign Small/Mid Blend","International Equity","1"
"SCHD","Schwab U.S. Dividend Equity ETF™","ETF","22326349.1","Large Value","US Equity","1"
"SCHE","Schwab Emerging Markets Equity ETF™","ETF","2401007.7","Diversified Emerging Mkts","International Equity","1"
"SCHF","Schwab International Equity ETF™","ETF","12511854.3","Foreign Large Blend","International Equity","1"
"SCHG","Schwab U.S. Large-Cap Growth ETF™","ETF","16767892.2","Large Growth","US Equity","1"
"SCHH","Schwab U.S. REIT ETF™","ETF","7639150.5","Real Estate","Sector Equity","1"
"SCHI","Schwab 5-10 Year Corporate Bond ETF","ETF","3433810.1","Corporate Bond","Taxable Bond","1"
"SCHJ","Schwab 1-5 Year Corporate Bond ETF","ETF","209052.8","Short-Term Bond","Taxable Bond","1"
"SCHK","Schwab 1000 ETF","ETF","2531799","Large Blend","US Equity","1"
"SCHM","Schwab U.S. Mid-Cap ETF™","ETF","1809866.2","Mid-Cap Blend","US Equity","1"
"SCHO","Schwab Short-Term U.S. Treasury ETF™","ETF","2746036.3","Short Government","Taxable Bond","1"
"SCHP","Schwab U.S. TIPS ETF™","ETF","3520735.5","Inflation-Protected Bond","Taxable Bond","1"
"SCHR","Schwab Intermediate-Term U.S. Treasury ETF™","ETF","2402449.9","Intermediate Government","Taxable Bond","1"
"SCHV","Schwab U.S. Large-Cap Value ETF™","ETF","4827216.3","Large Value","US Equity","1"
"SCHX","Schwab U.S. Large-Cap ETF™","ETF","20805811.5","Large Blend","US Equity","1"
"SCHY","Schwab International Dividend Equity ETF","ETF","779793.8","Foreign Large Value","International Equity","1"
"SCHZ","Schwab U.S. Aggregate Bond ETF™","ETF","1922123","Intermediate Core Bond","Taxable Bond","1"
"SCZ","iShares MSCI EAFE Small-Cap ETF","ETF","1275090.4","Foreign Small/Mid Blend","International Equity","1"
"SDCI","USCF SummerHaven Dynamic Commodity Strategy No K-1 Fund","ETF","145938.8","Commodities Broad Basket","Commodities","1"
"SDIV","Global X SuperDividend™ ETF","ETF","751830.6","Global Small/Mid Stock","International Equity","1"
"SDVY","First Trust SMID Cap Rising Dividend Achievers ETF","ETF","1479475.9","Small Value","US Equity","1"
"SDY","State Street® SPDR® S&P® Dividend ETF","ETF","194199.2","Mid-Cap Value","US Equity","1"
"SECT","Main Sector Rotation ETF","ETF","173341.6","Large Blend","US Equity","1"
"SGDJ","Sprott Junior Gold Miners ETF","ETF","81838.7","Equity Precious Metals","Sector Equity","1"
"SGDM","Sprott Gold Miners ETF","ETF","69055.8","Equity Precious Metals","Sector Equity","1"
"SGOL","abrdn Physical Gold Shares ETF","ETF","5288705.4","Commodities Focused","Commodities","1"
"SGOV","iShares® 0-3 Month Treasury Bond ETF","ETF","13222738.5","Ultrashort Bond","Taxable Bond","1"
"SHLD","Global X Defense Tech ETF","ETF","1389941.6","Industrials","Sector Equity","1"
"SHM","State Street® SPDR® Nuveen ICE Short Term Municipal Bond ETF","ETF","218225.5","Muni National Short","Municipal Bond","1"
"SHV","iShares 0–1 Year Treasury Bond ETF","ETF","2338740.8","Ultrashort Bond","Taxable Bond","1"
"SHY","iShares 1-3 Year Treasury Bond ETF","ETF","3453409","Short Government","Taxable Bond","1"
"SHYG","iShares 0-5 Year High Yield Corporate Bond ETF","ETF","1714823.6","High Yield Bond","Taxable Bond","1"
"SIL","Global X Silver Miners ETF","ETF","3127376","Equity Precious Metals","Sector Equity","1"
"SILJ","Amplify Junior Silver Miners ETF","ETF","9819695.5","Equity Precious Metals","Sector Equity","1"
"SIVR","abrdn Physical Silver Shares ETF","ETF","3803028.7","Commodities Focused","Commodities","1"
"SJNK","State Street® SPDR® Bloomberg Short Term High Yield Bond ETF","ETF","3391043.8","High Yield Bond","Taxable Bond","1"
"SKYY","First Trust Cloud Computing ETF","ETF","263294.8","Technology","Sector Equity","1"
"SLV","iShares Silver Trust","ETF","77148349.3","Commodities Focused","Commodities","1"
"SLVP","iShares MSCI Global Silver and Metals Miners ETF","ETF","606613.2","Equity Precious Metals","Sector Equity","1"
"SLVR","Sprott Silver Miners & Physical Silver ETF","ETF","518212.1","Equity Precious Metals","Sector Equity","1"
"SLYG","State Street® SPDR® S&P 600™ Small Cap Growth ETF","ETF","432984.9","Small Growth","US Equity","1"
"SLYV","State Street® SPDR® S&P 600™ Small Cap Value ETF","ETF","227027.9","Small Value","US Equity","1"
"SMB","VanEck Short Muni ETF","ETF","52071.3","Muni National Short","Municipal Bond","1"
"SMCY","YieldMax SMCI Option Income Strategy ETF","ETF","1175267.8","Derivative Income","Nontraditional Equity","1"
"SMH","VanEck Semiconductor ETF","ETF","6438271.5","Technology","Sector Equity","1"
"SMHX","VanEck Fabless Semiconductor ETF","ETF","64761.3","Technology","Sector Equity","1"
"SMIN","iShares MSCI India Small-Cap ETF","ETF","119361","India Equity","International Equity","1"
"SMLF","iShares U.S. Small-Cap Equity Factor ETF","ETF","362676.1","Small Blend","US Equity","1"
"SMMD","iShares Russell 2500 ETF","ETF","209800.1","Small Blend","US Equity","1"
"SNOY","YieldMax SNOW Option Income Strategy ETF","ETF","69135.8","Derivative Income","Nontraditional Equity","1"
"SNPE","Xtrackers S&P 500 Scored & Screened ETF","ETF","491583.2","Large Blend","US Equity","1"
"SOLZ","Solana ETF","ETF","3249800","Digital Assets","Alternative","1"
"SOXQ","Invesco PHLX Semiconductor ETF","ETF","885294","Technology","Sector Equity","1"
"SOXX","iShares Semiconductor ETF","ETF","6137384.7","Technology","Sector Equity","1"
"SOYB","Teucrium Soybean Fund","ETF","59193.7","Commodities Focused","Commodities","1"
"SPAB","State Street® SPDR® Portfolio Aggregate Bond ETF","ETF","2997147","Intermediate Core Bond","Taxable Bond","1"
"SPBO","State Street® SPDR® Portfolio Corporate Bond ETF","ETF","530044.5","Corporate Bond","Taxable Bond","1"
"SPDW","State Street® SPDR® Portfolio Developed World ex-US ETF","ETF","5015767.8","Foreign Large Blend","International Equity","1"
"SPEM","State Street® SPDR® Portfolio Emerging Markets ETF","ETF","2994112.3","Diversified Emerging Mkts","International Equity","1"
"SPEU","State Street® SPDR® Portfolio Europe ETF","ETF","77409.4","Europe Stock","International Equity","1"
"SPGM","State Street® SPDR® Portfolio MSCI Global Stock Market ETF","ETF","238128.4","Global Large-Stock Blend","International Equity","1"
"SPGP","Invesco S&P 500 GARP ETF","ETF","81584.3","Large Value","US Equity","1"
"SPHB","Invesco S&P 500® High Beta ETF","ETF","325655.9","Mid-Cap Blend","US Equity","1"
"SPHD","Invesco S&P 500® High Dividend Low Volatility ETF","ETF","1019931.2","Large Value","US Equity","1"
"SPHQ","Invesco S&P 500® Quality ETF","ETF","1638212.1","Large Blend","US Equity","1"
"SPHY","State Street® SPDR® Portfolio High Yield Bond ETF","ETF","4805236.9","High Yield Bond","Taxable Bond","1"
"SPIB","State Street® SPDR® Portfolio Intermediate Term Corporate Bond ETF","ETF","4938792.3","Corporate Bond","Taxable Bond","1"
"SPIP","State Street® SPDR® Portfolio TIPS ETF","ETF","160380.9","Inflation-Protected Bond","Taxable Bond","1"
"SPLB","State Street® SPDR® Portfolio Long Term Corporate Bond ETF","ETF","3516675","Long-Term Bond","Taxable Bond","1"
"SPLV","Invesco S&P 500® Low Volatility ETF","ETF","3375654","Large Value","US Equity","1"
"SPMB","State Street® SPDR® Portfolio Mortgage Backed Bond ETF","ETF","671685.4","Government Mortgage-Backed Bond","Taxable Bond","1"
"SPMD","State Street® SPDR® Portfolio S&P 400™ Mid Cap ETF","ETF","2660753.8","Mid-Cap Blend","US Equity","1"
"SPMO","Invesco S&P 500® Momentum ETF","ETF","1168227.9","Large Blend","US Equity","1"
"SPRX","Spear Alpha ETF","ETF","213500.8","Technology","Sector Equity","1"
"SPSB","State Street® SPDR® Portfolio Short Term Corporate Bond ETF","ETF","1970807.6","Short-Term Bond","Taxable Bond","1"
"SPSM","State Street® SPDR® Portfolio S&P 600™ Small Cap ETF","ETF","2016612.6","Small Blend","US Equity","1"
"SPTI","State Street® SPDR® Portfolio Intermediate Term Treasury ETF","ETF","1931576.5","Intermediate Government","Taxable Bond","1"
"SPTL","State Street® SPDR® Portfolio Long Term Treasury ETF","ETF","5567716.8","Long Government","Taxable Bond","1"
"SPTM","State Street® SPDR® Portfolio S&P 1500 Composite Stock Market ETF","ETF","789122.3","Large Blend","US Equity","1"
"SPTS","State Street® SPDR® Portfolio Short Term Treasury ETF","ETF","1042792.4","Short Government","Taxable Bond","1"
"SPY","State Street® SPDR® S&P 500® ETF Trust","ETF","82578496.5","Large Blend","US Equity","1"
"SPYD","State Street® SPDR® Portfolio S&P 500® High Dividend ETF","ETF","2155740.3","Mid-Cap Value","US Equity","1"
"SPYG","State Street® SPDR® Portfolio S&P 500 Growth ETF","ETF","6689010.3","Large Growth","US Equity","1"
"SPYI","Neos S&P 500(R) High Income ETF","ETF","4848129","Derivative Income","Nontraditional Equity","1"
"SPYM","State Street® SPDR® Portfolio S&P 500® ETF","ETF","11486175.9","Large Blend","US Equity","1"
"SPYT","Defiance S&P 500 Target Income ETF","ETF","159805.5","Large Blend","US Equity","1"
"SPYV","State Street® SPDR® Portfolio S&P 500 Value ETF","ETF","2633848.6","Large Value","US Equity","1"
"SPYX","State Street® SPDR® S&P® 500 Fossil Fuel Reserves Free ETF","ETF","261059.2","Large Blend","US Equity","1"
"SRLN","State Street® Blackstone Senior Loan ETF","ETF","5628362.3","Bank Loan","Taxable Bond","1"
"SRVR","Pacer Data & Infrastructure Real Estate ETF","ETF","139420","Real Estate","Sector Equity","1"
"SSK","REX-Osprey SOL + Staking ETF","ETF","140837.6","Digital Assets","Alternative","1"
"STCE","Schwab Crypto Thematic ETF","ETF","101963.2","Equity Digital Assets","Alternative","1"
"STIP","iShares 0-5 Year TIPS Bond ETF","ETF","813563.6","Short-Term Inflation-Protected Bond","Taxable Bond","1"
"STRV","Strive 500 ETF","ETF","80337.2","Large Blend","US Equity","1"
"SUSB","iShares ESG 1-5 Year USD Corporate Bond ETF","ETF","165804.5","Short-Term Bond","Taxable Bond","1"
"SYLD","Cambria Shareholder Yield ETF","ETF","53878.3","Mid-Cap Value","US Equity","1"
"TAIL","Cambria Tail Risk ETF","ETF","407331.6","Trading--Inverse Equity","Miscellaneous","1"
"TAN","Invesco Solar ETF","ETF","1296127.7","Miscellaneous Sector","Sector Equity","1"
"TBIL","F/m US Treasury 3 Month Bill Fund - ETF Class Shares","ETF","2070143.3","Ultrashort Bond","Taxable Bond","1"
"TDIV","First Trust NASDAQ Technology Dividend Index Fund","ETF","154029","Technology","Sector Equity","1"
"TDTT","FlexShares iBoxx 3-Year Target Duration TIPS Index Fund","ETF","274368.6","Short-Term Inflation-Protected Bond","Taxable Bond","1"
"TETH","21Shares Ethereum ETF","ETF","652913.3","Digital Assets","Alternative","1"
"TFI","State Street® SPDR® Nuveen ICE Municipal Bond ETF","ETF","334723","Muni National Long","Municipal Bond","1"
"TFLO","iShares Treasury Floating Rate Bond ETF","ETF","1557756.7","Ultrashort Bond","Taxable Bond","1"
"THD","iShares MSCI Thailand ETF","ETF","154700.1","Miscellaneous Region","International Equity","1"
"THRO","iShares U.S. Thematic Rotation Active ETF","ETF","993888.7","Large Blend","US Equity","1"
"TIP","iShares TIPS Bond ETF","ETF","2346182.9","Inflation-Protected Bond","Taxable Bond","1"
"TIPX","State Street® SPDR® Bloomberg 1-10 Year TIPS ETF","ETF","175738.5","Short-Term Inflation-Protected Bond","Taxable Bond","1"
"TLH","iShares 10-20 Year Treasury Bond ETF","ETF","1233325.1","Long Government","Taxable Bond","1"
"TLT","iShares 20+ Year Treasury Bond ETF","ETF","37046989.6","Long Government","Taxable Bond","1"
"TMFC","Motley Fool 100 Index ETF","ETF","97724.5","Large Growth","US Equity","1"
"TOPT","iShares Top 20 U.S. Stocks ETF","ETF","485430.9","Large Blend","US Equity","1"
"TOTL","State Street® DoubleLine® Total Return Tactical ETF","ETF","398215.4","Intermediate Core-Plus Bond","Taxable Bond","1"
"TPYP","Tortoise North American Pipeline Fund","ETF","62236","Energy Limited Partnership","Sector Equity","1"
"TRFK","Pacer Data and Digital Revolution ETF","ETF","105245.3","Technology","Sector Equity","1"
"TSLY","YieldMax TSLA Option Income Strategy ETF","ETF","933165.4","Derivative Income","Nontraditional Equity","1"
"TSMY","YieldMax TSM Option Income Strategy ETF","ETF","173715.6","Derivative Income","Nontraditional Equity","1"
"TSPY","TappAlpha SPY Growth & Daily Income ETF","ETF","279667.8","Derivative Income","Nontraditional Equity","1"
"TSYY","GraniteShares YieldBOOST TSLA ETF","ETF","1900630.8","Derivative Income","Nontraditional Equity","1"
"TUA","Simplify Short Term Treasury Futures Strategy ETF","ETF","436909.4","Long Government","Taxable Bond","1"
"TUR","iShares MSCI Turkey ETF","ETF","425020.6","Miscellaneous Region","International Equity","1"
"UFO","Procure Space ETF","ETF","409022.9","Miscellaneous Sector","Sector Equity","1"
"ULTY","YieldMax Ultra Option Income Strategy ETF","ETF","738456.4","Derivative Income","Nontraditional Equity","1"
"UNG","United States Natural Gas Fund, LP","ETF","9649777.2","Commodities Focused","Commodities","1"
"UNL","United States 12 Month Natural Gas Fund, LP","ETF","72961.4","Commodities Focused","Commodities","1"
"URA","Global X Uranium ETF","ETF","4683119.9","Natural Resources","Sector Equity","1"
"URNJ","Sprott Junior Uranium Miners ETF","ETF","489695.9","Natural Resources","Sector Equity","1"
"URNM","Sprott Uranium Miners ETF","ETF","861779.3","Natural Resources","Sector Equity","1"
"URTH","iShares MSCI World ETF","ETF","302520","Global Large-Stock Blend","International Equity","1"
"USDU","WisdomTree Bloomberg U.S. Dollar Bullish Fund","ETF","401209.8","Trading--Miscellaneous","Miscellaneous","1"
"USFR","WisdomTree Floating Rate Treasury Fund","ETF","4417537.3","Ultrashort Bond","Taxable Bond","1"
"USHY","iShares Broad USD High Yield Corporate Bond ETF","ETF","12428839.5","High Yield Bond","Taxable Bond","1"
"USIG","iShares Broad USD Investment Grade Corporate Bond ETF","ETF","2053542","Corporate Bond","Taxable Bond","1"
"USMC","Principal U.S. Mega-Cap ETF","ETF","85688","Large Blend","US Equity","1"
"USMV","iShares MSCI USA Min Vol Factor ETF","ETF","2395871.5","Large Blend","US Equity","1"
"USO","United States Oil Fund, LP","ETF","8784216.9","Commodities Focused","Commodities","1"
"USOY","Defiance Oil Enhanced Options Income ETF","ETF","211322.3","Equity Hedged","Nontraditional Equity","1"
"USRT","iShares Core U.S. REIT ETF","ETF","419303.7","Real Estate","Sector Equity","1"
"USXF","iShares® ESG Advanced MSCI USA ETF","ETF","66349.4","Large Growth","US Equity","1"
"UTEN","F/m US Treasury 10 Year Note ETF","ETF","61648.9","Long Government","Taxable Bond","1"
"UTES","Virtus Reaves Utilities ETF","ETF","222757.1","Utilities","Sector Equity","1"
"UTWO","F/m US Treasury 2 Year Note ETF","ETF","56409.4","Short Government","Taxable Bond","1"
"UUP","Invesco DB US Dollar Index Bullish Fund","ETF","1109205.4","Trading--Miscellaneous","Miscellaneous","1"
"VAW","Vanguard Materials Index Fund ETF Shares","ETF","73162.5","Natural Resources","Sector Equity","1"
"VB","Vanguard Small-Cap Index Fund ETF Shares","ETF","793492.2","Small Blend","US Equity","1"
"VBK","Vanguard Small-Cap Growth Index Fund ETF Shares","ETF","179028.1","Small Growth","US Equity","1"
"VBR","Vanguard Small-Cap Value Index Fund ETF Shares","ETF","322905.7","Small Value","US Equity","1"
"VCEB","Vanguard ESG U.S. Corporate Bond ETF","ETF","57686.8","Corporate Bond","Taxable Bond","1"
"VCIT","Vanguard Intermediate-Term Corporate Bond Index Fund ETF Shares","ETF","10090437.1","Corporate Bond","Taxable Bond","1"
"VCLT","Vanguard Long-Term Corporate Bond Index Fund ETF Shares","ETF","5178635.3","Long-Term Bond","Taxable Bond","1"
"VCRB","Vanguard Core Bond ETF","ETF","458832.7","Intermediate Core Bond","Taxable Bond","1"
"VCSH","Vanguard Short-Term Corporate Bond Index Fund ETF Shares","ETF","5211262.5","Short-Term Bond","Taxable Bond","1"
"VDC","Vanguard Consumer Staples Index Fund ETF Shares","ETF","185821.8","Consumer Defensive","Sector Equity","1"
"VDE","Vanguard Energy Index Fund ETF Shares","ETF","757305.3","Equity Energy","Sector Equity","1"
"VEA","Vanguard FTSE Developed Markets Index Fund ETF Shares","ETF","16637876","Foreign Large Blend","International Equity","1"
"VEU","Vanguard FTSE All-World ex-US Index Fund ETF Shares","ETF","4763728.8","Foreign Large Blend","International Equity","1"
"VFH","Vanguard Financials Index Fund ETF Shares","ETF","826746.8","Financial","Sector Equity","1"
"VGIT","Vanguard Intermediate-Term Treasury Index Fund ETF Shares","ETF","2811889.1","Intermediate Government","Taxable Bond","1"
"VGK","Vanguard FTSE Europe ETF","ETF","2898519.6","Europe Stock","International Equity","1"
"VGLT","Vanguard Long-Term Treasury Index Fund ETF Shares","ETF","3329479.7","Long Government","Taxable Bond","1"
"VGSH","Vanguard Short-Term Treasury Index Fund ETF Shares","ETF","3494249.2","Short Government","Taxable Bond","1"
"VGT","Vanguard Information Technology Index Fund ETF Shares","ETF","423742","Technology","Sector Equity","1"
"VHT","Vanguard Health Care Index Fund ETF Shares","ETF","248923.6","Health","Sector Equity","1"
"VIG","Vanguard Dividend Appreciation Index Fund ETF Shares","ETF","1324765.8","Large Blend","US Equity","1"
"VIGI","Vanguard International Dividend Appreciation Index Fund ETF Shares","ETF","430284.5","Foreign Large Growth","International Equity","1"
"VIS","Vanguard Industrials Index Fund ETF Shares","ETF","100001.4","Industrials","Sector Equity","1"
"VIXM","ProShares VIX Mid-Term Futures ETF","ETF","284784.2","Trading--Miscellaneous","Miscellaneous","1"
"VIXY","ProShares VIX Short-Term Futures ETF","ETF","4378347.2","Trading--Miscellaneous","Miscellaneous","1"
"VLUE","iShares MSCI USA Value Factor ETF","ETF","1090046.4","Large Value","US Equity","1"
"VMBS","Vanguard Mortgage-Backed Securities Index Fund ETF Shares","ETF","1711701.4","Government Mortgage-Backed Bond","Taxable Bond","1"
"VNLA","Janus Henderson Short Duration Income ETF","ETF","507911.3","Ultrashort Bond","Taxable Bond","1"
"VNM","VanEck Vietnam ETF","ETF","792826.5","Miscellaneous Region","International Equity","1"
"VNQ","Vanguard Real Estate Index Fund ETF Shares","ETF","3979928.7","Real Estate","Sector Equity","1"
"VNQI","Vanguard Global ex-U.S. Real Estate Index Fund ETF Shares","ETF","440402.1","Global Real Estate","Sector Equity","1"
"VO","Vanguard Mid-Cap Index Fund ETF Shares","ETF","887870.1","Mid-Cap Blend","US Equity","1"
"VOE","Vanguard Mid-Cap Value Index Fund ETF Shares","ETF","301262.3","Mid-Cap Value","US Equity","1"
"VONE","Vanguard Russell 1000 Index Fund ETF Shares","ETF","118649","Large Blend","US Equity","1"
"VONV","Vanguard Russell 1000 Value Index Fund ETF Shares","ETF","2435749.1","Large Value","US Equity","1"
"VOO","Vanguard S&P 500 ETF","ETF","8446530.7","Large Blend","US Equity","1"
"VOOG","Vanguard S&P 500 Growth Index Fund ETF Shares","ETF","254537.6","Large Growth","US Equity","1"
"VOOV","Vanguard S&P 500 Value Index Fund ETF Shares","ETF","102930.2","Large Value","US Equity","1"
"VOT","Vanguard Mid-Cap Growth Index Fund ETF Shares","ETF","275422.3","Mid-Cap Growth","US Equity","1"
"VOX","Vanguard Communication Services Index Fund ETF Shares","ETF","213410.3","Communications","Sector Equity","1"
"VPL","Vanguard FTSE Pacific Index Fund ETF Shares","ETF","3417987.5","Diversified Pacific/Asia","International Equity","1"
"VPLS","Vanguard Core-Plus Bond ETF","ETF","170734","Intermediate Core-Plus Bond","Taxable Bond","1"
"VPU","Vanguard Utilities Index Fund ETF Shares","ETF","279358.3","Utilities","Sector Equity","1"
"VRP","Invesco Variable Rate Preferred ETF","ETF","388852.9","Preferred Stock","Taxable Bond","1"
"VSGX","Vanguard ESG International Stock ETF","ETF","268269","Foreign Large Blend","International Equity","1"
"VSS","Vanguard FTSE All-World ex-US Small-Cap Index Fund ETF Shares","ETF","299008.6","Foreign Small/Mid Blend","International Equity","1"
"VT","Vanguard Total World Stock Index Fund ETF Shares","ETF","5166432.8","Global Large-Stock Blend","International Equity","1"
"VTC","Vanguard Total Corporate Bond ETF ETF Shares","ETF","82608.1","Corporate Bond","Taxable Bond","1"
"VTEB","Vanguard Tax-Exempt Bond Index Fund ETF Shares","ETF","8256538.8","Muni National Interm","Municipal Bond","1"
"VTEC","Vanguard California Tax-Exempt Bond ETF","ETF","192831","Muni California Intermediate","Municipal Bond","1"
"VTEI","Vanguard Intermediate-Term Tax-Exempt Bond ETF","ETF","77813.5","Muni National Interm","Municipal Bond","1"
"VTES","Vanguard Short-Term Tax-Exempt Bond ETF Shares","ETF","127634.7","Muni National Short","Municipal Bond","1"
"VTI","Vanguard Total Stock Market Index Fund ETF Shares","ETF","6278979.3","Large Blend","US Equity","1"
"VTIP","Vanguard Short-Term Inflation-Protected Securities Index Fund ETF Shares","ETF","1673193.2","Short-Term Inflation-Protected Bond","Taxable Bond","1"
"VTV","Vanguard Value Index Fund ETF Shares","ETF","4568163.5","Large Value","US Equity","1"
"VTWO","Vanguard Russell 2000 Index Fund ETF Shares","ETF","3810256.8","Small Blend","US Equity","1"
"VUG","Vanguard Growth Index Fund ETF Shares","ETF","1738806.2","Large Growth","US Equity","1"
"VUSB","Vanguard Ultra-Short Bond ETF Shares","ETF","1770642.5","Ultrashort Bond","Taxable Bond","1"
"VV","Vanguard Large-Cap Index Fund ETF Shares","ETF","642072.5","Large Blend","US Equity","1"
"VWO","Vanguard FTSE Emerging Markets Index Fund ETF Shares","ETF","8596926.2","Diversified Emerging Mkts","International Equity","1"
"VWOB","Vanguard Emerging Markets Government Bond Index Fund ETF Shares","ETF","770066.7","Emerging Markets Bond","Taxable Bond","1"
"VXF","Vanguard Extended Market Index Fund ETF Shares","ETF","422986.4","Mid-Cap Blend","US Equity","1"
"VXUS","Vanguard Total International Stock Index Fund ETF Shares","ETF","10435649.1","Foreign Large Blend","International Equity","1"
"VYM","Vanguard High Dividend Yield Index Fund ETF Shares","ETF","1528833.1","Large Value","US Equity","1"
"VYMI","Vanguard International High Dividend Yield Index Fund ETF Shares","ETF","1715039.4","Foreign Large Value","International Equity","1"
"WCBR","WisdomTree Cybersecurity Fund","ETF","61589","Technology","Sector Equity","1"
"WCLD","WisdomTree Cloud Computing Fund","ETF","1178303.4","Technology","Sector Equity","1"
"WEAT","Teucrium Wheat Fund","ETF","335293.1","Commodities Focused","Commodities","1"
"WGMI","CoinShares Bitcoin Mining ETF","ETF","411567.2","Equity Digital Assets","Alternative","1"
"WIP","SPDR® FTSE International Government Inflation-Protected Bond ETF","ETF","84707.2","Global Bond","Taxable Bond","1"
"WOOD","iShares Global Timber & Forestry ETF","ETF","64029.2","Natural Resources","Sector Equity","1"
"WTAI","WisdomTree Artificial Intelligence and Innovation Fund","ETF","84857.7","Technology","Sector Equity","1"
"WTPI","WisdomTree Equity Premium Income Fund","ETF","193485.1","Derivative Income","Nontraditional Equity","1"
"WTV","WisdomTree U.S. Value Fund","ETF","234734.1","Mid-Cap Value","US Equity","1"
"XAR","State Street® SPDR® S&P® Aerospace & Defense ETF","ETF","274105.2","Industrials","Sector Equity","1"
"XBI","State Street® SPDR® S&P® Biotech ETF","ETF","9018747.5","Health","Sector Equity","1"
"XBIL","F/m US Treasury 6 Month Bill ETF","ETF","84103.1","Ultrashort Bond","Taxable Bond","1"
"XC","WisdomTree True Emerging Markets Fund","ETF","102870.1","Diversified Emerging Mkts","International Equity","1"
"XCEM","Columbia EM Core ex-China ETF","ETF","294331.6","Diversified Emerging Mkts","International Equity","1"
"XDTE","Roundhill S&P 500 0DTE Covered Call Strategy ETF","ETF","194365.5","Derivative Income","Nontraditional Equity","1"
"XES","State Street® SPDR® S&P® Oil & Gas Equipment & Services ETF","ETF","142388.1","Equity Energy","Sector Equity","1"
"XHB","State Street® SPDR® S&P® Homebuilders ETF","ETF","2459174.8","Consumer Cyclical","Sector Equity","1"
"XLB","State Street® Materials Select Sector SPDR® ETF","ETF","18665214.5","Natural Resources","Sector Equity","1"
"XLC","State Street® Communication Services Select Sector SPDR® ETF","ETF","6935518.1","Communications","Sector Equity","1"
"XLE","State Street® Energy Select Sector SPDR® ETF","ETF","51935498.6","Equity Energy","Sector Equity","1"
"XLF","State Street® Financial Select Sector SPDR® ETF","ETF","61736888.3","Financial","Sector Equity","1"
"XLG","Invesco S&P 500® Top 50 ETF","ETF","4581672.3","Large Blend","US Equity","1"
"XLI","State Street® Industrial Select Sector SPDR® ETF","ETF","12737732.9","Industrials","Sector Equity","1"
"XLK","State Street® Technology Select Sector SPDR® ETF","ETF","19392214.8","Technology","Sector Equity","1"
"XLP","State Street® Consumer Staples Select Sector SPDR® ETF","ETF","23076980.7","Consumer Defensive","Sector Equity","1"
"XLRE","State Street Real Estate Select Sector SPDR ETF","ETF","10523696.3","Real Estate","Sector Equity","1"
"XLSR","State Street® US Sector Rotation ETF","ETF","54459.1","Large Blend","US Equity","1"
"XLU","State Street® Utilities Select Sector SPDR® ETF","ETF","31074175.2","Utilities","Sector Equity","1"
"XLV","State Street® Health Care Select Sector SPDR® ETF","ETF","14011121.6","Health","Sector Equity","1"
"XLY","State Street® Consumer Discretionary Select Sector SPDR® ETF","ETF","11760515.1","Consumer Cyclical","Sector Equity","1"
"XMAG","Defiance Large Cap ex-Mag 7 ETF","ETF","65399.3","Large Blend","US Equity","1"
"XME","State Street® SPDR® S&P® Metals & Mining ETF","ETF","2522559.4","Natural Resources","Sector Equity","1"
"XMHQ","Invesco S&P MidCap Quality ETF","ETF","284121.3","Mid-Cap Blend","US Equity","1"
"XMMO","Invesco S&P MidCap Momentum ETF","ETF","303819.7","Mid-Cap Blend","US Equity","1"
"XMVM","Invesco S&P MidCap Value with Momentum ETF","ETF","73626.5","Small Value","US Equity","1"
"XOMO","Yieldmax XOM Option Income Strategy ETF","ETF","118643.9","Derivative Income","Nontraditional Equity","1"
"XOP","State Street® SPDR® S&P® Oil & Gas Exploration & Production ETF","ETF","3845019.3","Equity Energy","Sector Equity","1"
"XOVR","ERShares Private-Public Crossover ETF","ETF","483801.7","Large Growth","US Equity","1"
"XPH","State Street® SPDR® S&P® Pharmaceuticals ETF","ETF","115164.8","Health","Sector Equity","1"
"XRP","Bitwise XRP ETF","ETF","390855.8","Digital Assets","Alternative","1"
"XRPC","Canary XRP ETF","ETF","127746.1","Digital Assets","Alternative","1"
"XRPI","XRP ETF","ETF","378691.9","Digital Assets","Alternative","1"
"XRPR","REX-Osprey XRP ETF","ETF","63388.8","Digital Assets","Alternative","1"
"XRPZ","Franklin XRP ETF","ETF","193713.8","Digital Assets","Alternative","1"
"XRT","State Street® SPDR® S&P® Retail ETF","ETF","5813769.5","Consumer Cyclical","Sector Equity","1"
"XSMO","Invesco S&P SmallCap Momentum ETF","ETF","257088.2","Small Blend","US Equity","1"
"XSOE","WisdomTree Emerging Markets ex-State-Owned Enterprises Fund","ETF","121323.6","Diversified Emerging Mkts","International Equity","1"
"XSW","State Street® SPDR® S&P® Software & Services ETF","ETF","112996.9","Technology","Sector Equity","1"
"XT","iShares Future Exponential Technologies ETF","ETF","80833.6","Miscellaneous Sector","Sector Equity","1"
"XTN","State Street® SPDR® S&P® Transportation ETF","ETF","66431.6","Industrials","Sector Equity","1"
"XYLD","Global X S&P 500® Covered Call ETF","ETF","959528.6","Derivative Income","Nontraditional Equity","1"
"YBTC","Roundhill Bitcoin Covered Call Strategy ETF","ETF","181246.4","Digital Assets","Alternative","1"
"YETH","Roundhill Ether Covered Call Strategy ETF","ETF","161496.9","Digital Assets","Alternative","1"
"YLD","Principal Active High Yield ETF","ETF","140490.3","High Yield Bond","Taxable Bond","1"
"YMAG","YieldMax Magnificent 7 Fund of Option Income ETFs","ETF","1106038.7","Large Blend","US Equity","1"
"YMAX","YieldMax Universe Fund of Option Income ETFs","ETF","2569727","Derivative Income","Nontraditional Equity","1"
"YOLO","AdvisorShares Pure Cannabis ETF","ETF","105639.3","Miscellaneous Sector","Sector Equity","1"
"YYY","Amplify CEF High Income ETF","ETF","348932.7","Tactical Allocation","Allocation","1"
"ZROZ","PIMCO 25+ Year Zero Coupon U.S. Treasury Index Exchange-Traded Fund","ETF","582228.7","Long Government","Taxable Bond","1"